edge	score
input->m0	0.026059499780395505
a0.h1->m0	0.07343358944934082
a0.h3->m0	-0.029884986250000002
a0.h7->m0	0.0608997986677246
a0.h15->m0	-0.02468247377734375
input->a1.h12<v>	0.030679224999999997
a0.h10->a1.h4<v>	0.027179535
m0->m1	-0.07398320450817872
a1.h2->m1	-0.036999657671875
a1.h4->m1	-0.013128574500000002
a1.h9->m1	-0.02654753325
a1.h12->m1	0.011657155900878905
a1.h3->a2.h5<q>	-0.02527605
m1->a2.h4<q>	-0.012714248000000001
m1->a2.h5<q>	0.0231087065
input->m2	0.0295973974375
a0.h1->m2	-0.038646440000000004
a0.h10->m2	-0.026628856
a1.h2->m2	-0.050316228238281246
a1.h4->m2	0.027332142609375
m1->m2	-0.034317252140625004
a2.h5->m2	0.06736990722070313
a2.h10->m2	0.03944873124609375
m2->a3.h0<q>	-0.029197108
m2->a3.h5<q>	0.0004918529375000005
m2->a3.h5<k>	0.0011431519999999997
m2->a3.h14<q>	0.031245122875
a0.h1->m3	0.030384867625
m1->m3	-0.041804584034179686
a3.h0->m3	-0.07489086046948243
a3.h1->m3	-0.0328165055625
a3.h9->m3	0.006059935000000001
a3.h13->m3	-0.0325916365
m2->a4.h11<k>	-5.878324999999962e-05
m2->a4.h15<k>	0.03052748
m3->a4.h12<k>	-0.024485275
a2.h14->m4	-0.003201532
a3.h1->m4	0.0017315775000000012
m3->m4	-0.10635717442480469
a4.h9->m4	-0.026514773125000002
a4.h15->m4	-0.0209859364375
m4->a5.h3<v>	-0.028772801
input->m5	-0.029360134000000003
a5.h3->m5	-0.03269499465527344
a5.h5->m5	-0.02185177821875
a5.h6->m5	-0.0303272125
a5.h9->m5	0.02774274325
a0.h1->a6.h10<v>	0.031160561
m1->a6.h4<v>	-0.024360858
m1->a6.h10<v>	-0.018193497070312502
m2->a6.h4<v>	-0.016725194648437497
m2->a6.h10<v>	0.015529085625000001
m5->a6.h5<q>	-0.03111430725
m5->a6.h5<v>	-0.034710183000000006
m5->a6.h10<q>	0.023517064812500002
m5->a6.h10<v>	-0.03945251284375
m1->m6	0.03933932942089843
a2.h14->m6	-0.04502316625439453
m2->m6	0.03294899417382812
m3->m6	0.07397503500219726
m4->m6	-0.011235041796875
m5->m6	-0.0425773788359375
a6.h0->m6	0.09508335258032227
a6.h10->m6	-0.0369586358203125
m3->a7.h8<q>	-0.038812381
m4->a7.h6<v>	0.0421610305859375
m5->a7.h6<v>	0.0309302608125
m5->a7.h10<v>	-0.029947585
m6->a7.h4<v>	0.025306970749999998
m6->a7.h6<v>	-0.0488838049609375
m6->a7.h8<q>	0.036235612
m6->a7.h8<k>	0.035388115750000004
input->m7	0.02693145
m0->m7	4.854965624999895e-05
a2.h14->m7	0.038166555562499996
m2->m7	0.03809413318359375
a3.h0->m7	-0.031048369
a3.h13->m7	0.007527624249999999
m3->m7	-0.005132169925781249
a4.h2->m7	0.029669442921874997
m4->m7	0.027059273693847655
m5->m7	0.04516318211328124
a6.h0->m7	-0.008585974958007812
a6.h2->m7	0.05113055759375
a6.h5->m7	-0.028437199750000003
a6.h10->m7	-0.018854139031249998
a6.h14->m7	-0.025549069
m6->m7	-0.06997807567773437
a7.h1->m7	-0.007845675281250002
a7.h2->m7	-0.0413084421875
a7.h3->m7	-0.038680818125
a7.h6->m7	0.0361052783984375
a7.h10->m7	-0.03668551359179688
m5->a8.h13<k>	0.0274368545
m6->a8.h4<v>	-0.02587684
m7->a8.h8<v>	0.02267090275
m7->a8.h9<q>	-0.030274024
a2.h14->m8	0.041374962027343754
a3.h0->m8	0.0352180149375
m3->m8	-0.115839486375
a5.h3->m8	-0.050658416671875
a5.h4->m8	0.0241860015
m5->m8	0.09948174370556641
a6.h0->m8	-0.03561807063574218
a6.h12->m8	-0.041916467
a6.h14->m8	0.0244250375
m6->m8	-0.029429351411132815
a7.h1->m8	-0.0586659474128418
a7.h2->m8	0.08918072464038086
a7.h3->m8	-0.0511900138515625
a7.h6->m8	0.06985392429992676
a7.h11->m8	0.0104800245625
a7.h12->m8	0.0224304135
m7->m8	0.12415583455346679
a8.h0->m8	0.04380050397344971
a8.h1->m8	0.007968684445312502
a8.h3->m8	-0.04514235470922852
a8.h5->m8	0.03346600133007813
a8.h7->m8	0.033497175000000004
a8.h8->m8	-0.06082310606469726
a8.h10->m8	0.08261729882128906
a8.h12->m8	0.04147770038867188
a8.h13->m8	0.014856170750000001
m5->a9.h1<v>	-0.025710136
m5->a9.h12<q>	-0.02132504525
m6->a9.h12<q>	0.0314582
m7->a9.h1<v>	-0.035159539212890625
m7->a9.h15<v>	-0.02835672
a8.h8->a9.h7<v>	-0.0619571575
a8.h8->a9.h10<q>	0.0399597635
a8.h8->a9.h12<q>	0.023471686000000002
m8->a9.h2<v>	-0.024801776
a3.h13->m9	0.024511762
m3->m9	0.034084181328125
m4->m9	-0.07659979732910156
m5->m9	-0.0827152318996582
a6.h0->m9	-0.0007160838945312505
a6.h10->m9	-0.01878930203125
a6.h15->m9	-0.034037583
m6->m9	0.060830132478515625
a7.h1->m9	-0.002327206250000001
a7.h2->m9	-0.04280146237890625
m7->m9	-0.11597501552459716
a8.h1->m9	-0.035568997015625
a8.h2->m9	-0.03146686
a8.h3->m9	0.0282548533046875
a8.h7->m9	-0.02211555221875
a8.h8->m9	0.04871305385791015
a8.h9->m9	0.032163945468749996
a8.h10->m9	-0.05260873629541016
a8.h12->m9	-0.03232124508984375
m8->m9	0.10319508325073243
a9.h1->m9	-0.0553243492109375
a9.h4->m9	-0.030951941937499998
a9.h5->m9	-0.010337919796875003
a9.h6->m9	-0.0389205867734375
a9.h7->m9	0.08650105114990234
a9.h10->m9	-0.0206433105625
a9.h11->m9	0.0018747006249999996
a9.h12->m9	-0.025441248
m7->a10.h0<v>	-0.025677508
a9.h6->a10.h5<k>	0.02040524375
m4->m10	0.0408646856875
a5.h3->m10	0.0303035551875
a6.h0->m10	-0.0312171306015625
m6->m10	-0.01685626850390625
a7.h6->m10	0.01999740275
a8.h3->m10	0.0316852965
a8.h8->m10	0.034131990125
a9.h7->m10	0.019039046894531248
a9.h11->m10	-0.036056005249999995
m9->m10	0.09350208230566406
a10.h5->m10	-0.026175379375000002
a10.h6->m10	0.0077396162812499985
a10.h8->m10	-0.0007938284609374999
a10.h10->m10	-0.0026335086249999994
a10.h15->m10	0.046253503875000004
a10.h8->a11.h3<v>	-0.025174767
m10->a11.h5<v>	0.017005351374999998
m5->m11	0.030141777499023435
m6->m11	-0.03952173004492188
a7.h6->m11	0.0010699572695312479
m7->m11	0.1395952016743164
a8.h8->m11	-0.0356001965625
m8->m11	0.07971885179321289
a9.h0->m11	0.02785395
a9.h4->m11	0.024358414
a9.h7->m11	-0.019144747375
a9.h15->m11	-0.00366768275
m9->m11	-0.06015545137890625
a10.h0->m11	0.015021765062500001
a10.h1->m11	-0.02231402325
a10.h3->m11	0.0171744015
a10.h4->m11	0.010636695
a10.h8->m11	0.016951222250000002
m10->m11	0.02641422465820312
a11.h4->m11	-0.0175584727578125
a11.h5->m11	-0.007998508531250002
a11.h7->m11	0.022392742890136718
a11.h11->m11	-0.040381217168701175
m8->a12.h14<k>	-0.031242397
m8->a12.h14<v>	0.024650848
m10->a12.h3<v>	0.026391741906250002
m10->a12.h5<v>	-0.028405577
m11->a12.h14<q>	0.0393502215
m11->a12.h14<k>	-0.048131388
m2->m12	0.00038646850000000066
m7->m12	0.007197441080627443
a8.h3->m12	0.022498274
m8->m12	0.0590518765
a9.h15->m12	-0.0242160476875
m9->m12	-0.007427978016357417
a10.h1->m12	-0.029724036875
a10.h5->m12	-0.02498225
a10.h9->m12	-0.033371627
a10.h10->m12	0.01145222875
m10->m12	-0.06803434556933594
a11.h5->m12	-0.0028932342031249975
a11.h10->m12	0.026141083
a11.h15->m12	-0.0043845358750000014
m11->m12	0.03614218521435547
a12.h3->m12	0.019931705001464847
a12.h4->m12	-0.02975323175
a12.h5->m12	-0.02315072925
a12.h7->m12	0.0321777361484375
a12.h8->m12	-0.04820047273828125
a12.h9->m12	-0.0173856125
a12.h10->m12	-0.013179032109374999
a12.h11->m12	-0.02959549075
m7->a13.h6<k>	0.02840633575
m8->a13.h4<v>	0.009296447749999999
m9->a13.h4<v>	-0.03591678958984375
a11.h5->a13.h11<q>	-0.030967093
m11->a13.h1<q>	0.038920807382812506
a12.h3->a13.h4<v>	-0.0458738279609375
a12.h3->a13.h6<q>	0.02213633425097656
a12.h3->a13.h11<q>	-0.0117954143203125
a12.h8->a13.h4<v>	0.034119148523437504
a12.h14->a13.h1<q>	-0.0248411114453125
a12.h14->a13.h11<q>	0.030191968
m12->a13.h1<q>	-0.03818380571875
m12->a13.h6<k>	-0.029086448
m7->m13	-0.07000915846875
m8->m13	-0.04818174132617188
a9.h6->m13	0.02515954988671875
a9.h7->m13	-0.031828641
a10.h0->m13	-0.030454321
a10.h1->m13	0.049537608250000004
m10->m13	0.07564168190820313
a11.h4->m13	-0.026831208453124998
a11.h7->m13	0.047249156
a12.h3->m13	-0.05870928277148437
a12.h5->m13	-0.021730429
a12.h9->m13	-0.01538162790625
a12.h10->m13	0.0314218755
a12.h14->m13	0.019924829875
m12->m13	-0.07028214544921875
a13.h2->m13	-0.013058401078125
a13.h4->m13	-0.05331508086816406
a13.h6->m13	-0.03490981175830078
a13.h15->m13	0.05265784625
m7->a14.h15<q>	0.0167364905
m9->a14.h5<q>	0.032202777
a10.h8->a14.h11<v>	-0.02600093934765625
a11.h11->a14.h13<k>	-0.0394957995
m11->a14.h5<k>	0.027977025
m11->a14.h13<q>	0.04430015051953125
m11->a14.h13<k>	0.0338572225
m11->a14.h15<q>	-0.0455289947734375
a12.h3->a14.h5<q>	0.019203639187499996
a12.h3->a14.h11<v>	-0.03578413240625
a12.h3->a14.h13<q>	0.05198590723046875
a12.h3->a14.h15<v>	0.035021298375
a12.h8->a14.h11<v>	0.029370945250000002
a12.h11->a14.h13<k>	-0.030247113580566407
a12.h14->a14.h5<q>	-0.027240913
a12.h14->a14.h15<q>	0.005092151750000001
m12->a14.h15<q>	-0.0239109291875
m12->a14.h15<k>	0.01962712090625
a13.h1->a14.h5<q>	-0.02798505275
a13.h1->a14.h11<q>	0.026417702
a13.h1->a14.h15<q>	-0.04326797325
a13.h2->a14.h11<v>	0.0372847146953125
a13.h2->a14.h15<v>	-0.0262942485
a13.h4->a14.h5<q>	0.03295969504296875
a13.h4->a14.h8<q>	0.0037777977500000007
a13.h4->a14.h11<v>	-0.048175050253906254
a13.h4->a14.h13<q>	0.056444217712890626
a13.h4->a14.h15<q>	-0.050249386776367186
a13.h4->a14.h15<v>	0.03201844540234375
a13.h11->a14.h13<q>	0.026654672
a13.h11->a14.h15<q>	0.0102444952109375
a13.h12->a14.h13<q>	-0.04196408391015625
a13.h12->a14.h13<k>	-0.03361361800976563
m13->a14.h5<q>	-0.032641834
m13->a14.h13<k>	0.04474828478515625
m13->a14.h15<k>	-0.0266288705
m6->m14	-0.0131732680625
m8->m14	-0.022919413276367186
m9->m14	0.029591028796875002
m10->m14	-0.0019067077499999984
m11->m14	-0.0155342486640625
m12->m14	0.06933308126745605
a13.h4->m14	-0.006710860757812503
a13.h6->m14	-0.0116267465
a13.h11->m14	-0.0130199205
a13.h12->m14	-0.02475069
a14.h1->m14	-0.027687572
m11->a15.h0<v>	0.025298115
a12.h3->a15.h0<v>	0.024282807
a12.h3->a15.h9<q>	-0.024310095
m12->a15.h7<v>	-0.024193347
a13.h4->a15.h0<v>	0.0355889126328125
a13.h4->a15.h8<v>	-0.025162319625
a13.h4->a15.h9<q>	-0.0320047428125
a13.h6->a15.h9<q>	0.0347719658125
a13.h11->a15.h9<q>	-0.026792376375000003
a13.h12->a15.h9<v>	-0.030329672250000002
m13->a15.h9<q>	0.010119814000000001
a14.h11->a15.h0<v>	0.04870485132080078
a14.h11->a15.h9<q>	-0.039229937
a14.h15->a15.h0<v>	-0.023939276103271484
a14.h15->a15.h9<q>	0.024112044
m14->a15.h9<k>	-0.0327825675
m14->a15.h11<v>	-0.023994091000000002
m5->m15	0.025548741
m7->m15	0.016796959904296874
a11.h15->m15	-0.024969382
m11->m15	0.018450163906249997
a13.h2->m15	-0.026137511500000002
m13->m15	0.02851212675390625
a14.h11->m15	-0.024225038499999997
a15.h9->m15	0.022254141562500003
a13.h4->a16.h6<q>	0.008565161812499998
m13->a16.h7<q>	0.032204844
m13->a16.h12<q>	0.02844302
m15->a16.h11<q>	-0.026745543
m8->m16	0.0315095556875
m10->m16	-0.00048219543749999927
m14->m16	0.0172564206328125
a15.h11->m16	0.03621418
m15->m16	0.05575435021875
m13->m17	0.03422098
m16->m17	0.034300717251953126
a14.h11->a18.h0<q>	-0.03017814140625
a14.h11->a18.h8<q>	0.03882046880651856
m16->a18.h0<q>	0.0007114919999999993
a17.h5->a18.h0<q>	0.06730670103778076
m17->a18.h8<k>	0.022310159820312498
m16->a21.h12<k>	-0.029363930750000003
m6->m22	0.0354116086875
m17->m22	0.0344279570390625
a18.h10->m22	0.039127141
a18.h14->m22	0.04293315
a19.h13->m22	0.039785206000000004
a21.h12->m22	-0.04115556016503906
m21->m22	-0.04483000492535401
a22.h6->m22	-0.02425911434375
a22.h11->m22	-0.02986373853125
a22.h13->m22	0.11950589
a22.h13->a23.h15<v>	-0.032858420124999996
m22->a23.h11<q>	-0.033604961125
m22->a23.h15<v>	-0.03485442166772461
m16->m23	0.031153836174804685
m19->m23	0.09716214044531249
a20.h14->m23	0.06136092382330323
m20->m23	-0.021827490546875
a22.h6->m23	0.026707572
a22.h11->m23	0.023775812875
m22->m23	-0.22948231432214355
a23.h3->m23	0.06883047285302735
a23.h11->m23	-0.032137825850830075
m10->logits	0.026698798000000003
m14->logits	0.01278612028125
m15->logits	0.03236738497265625
m16->logits	-0.0417510794375
a17.h5->logits	-0.05297950206152344
a17.h15->logits	-0.04785359205371094
m17->logits	0.0288499095
a18.h0->logits	0.043407967590820315
a18.h4->logits	-0.03657678128942871
a18.h5->logits	-0.03903722
a18.h8->logits	-0.08654993537731934
a18.h9->logits	-0.042271708656250004
a18.h14->logits	-0.04583753
m18->logits	0.030983729781250004
a19.h4->logits	-0.057405545
a19.h13->logits	-0.118202563125
a20.h9->logits	-0.05341912778210449
a20.h14->logits	-0.09418329616833497
m20->logits	0.03564112633666992
a21.h3->logits	-0.054054585284423834
a21.h12->logits	0.047241865771606446
m21->logits	0.03728527985205078
a22.h13->logits	-0.08206054690625
m22->logits	0.07394217852148438
a23.h3->logits	-0.06626058713806153
a23.h8->logits	0.03041525630859375
a23.h15->logits	-0.07107856962194825
m23->logits	0.3390991391607666
a0.h4->m0	0.025186244000000003
a0.h8->m0	0.0352850255
a0.h10->m0	0.044521406953125
a0.h14->m0	-0.005503808062499999
input->a1.h3<v>	-0.034270307624999996
input->a1.h6<v>	-0.0240388575
m0->a1.h3<v>	0.02921726675
m0->a1.h5<v>	0.024755402500000002
m0->a1.h12<q>	-0.02025650496875
input->m1	-0.0014694954321289068
a1.h5->m1	0.012159073874999999
a1.h8->m1	0.0265731038125
a1.h3->a2.h5<v>	0.023755375625
m1->a2.h5<v>	-0.038636923125
m0->m2	-0.002224596167968749
a1.h12->m2	-0.004426671
a1.h14->m2	-0.028916278265624998
a2.h14->m2	0.04134792962695312
m2->a3.h13<v>	-0.021142737
m3->a4.h13<q>	0.038267775870117184
m0->m4	-0.051606585552734376
m1->m4	-0.03793526719726563
a2.h6->m4	0.026485903
a3.h13->m4	-0.01144198040625
a4.h8->m4	-0.018390316937499998
a4.h13->m4	0.04061433790625
a0.h1->m5	0.0361081629375
m0->m5	-0.0452065209296875
a2.h14->m5	-0.033471787
a3.h1->m5	0.029203430625
m3->m5	0.06600335314331054
a4.h8->m5	0.027262475
a4.h9->m5	0.036688898921875
a4.h13->m5	0.033582076625
m5->a6.h4<v>	0.04121025580078125
m5->a6.h14<v>	0.037226509500000005
a2.h8->m6	-0.0229671545
a3.h5->m6	0.02165919325
a3.h13->m6	0.012384996374999999
a4.h2->m6	-0.0300996109375
a4.h9->m6	-0.004721051
a4.h11->m6	-0.004770291437500001
a5.h10->m6	-0.0284710325
a6.h2->m6	-0.0267913345
a6.h3->m6	-0.0048548875
a6.h4->m6	-0.04498293668798828
a6.h5->m6	-0.0294664880859375
a6.h12->m6	0.08837544990625
a6.h13->m6	-0.0072569179062499985
a4.h11->a7.h3<q>	0.027225927
a5.h4->a7.h6<v>	-0.023622496
m5->a7.h3<q>	-0.038380211312499996
m5->a7.h14<q>	0.026306866
a6.h0->a7.h1<v>	0.021976886
a6.h2->a7.h3<q>	-0.023133313
m6->a7.h1<v>	0.008614492
a1.h2->m7	0.029165924
m1->m7	0.0544864230859375
a5.h3->m7	-0.053624740921875
a5.h4->m7	0.03030497675
a6.h1->m7	-0.005569936437499999
a6.h12->m7	-0.055451281992187504
a6.h15->m7	0.028348776406249998
m4->a8.h10<v>	-0.029626407
a6.h0->a8.h12<q>	0.003552134
m7->a8.h3<v>	0.027908212375
m7->a8.h4<v>	-0.028967995
m2->m8	-0.0541906623671875
a6.h1->m8	0.0399969816328125
a6.h9->m8	0.021904716
a6.h10->m8	-0.03585880186328125
a7.h8->m8	0.04255389208203125
a7.h13->m8	0.001340809125
a8.h2->m8	0.034222443484375004
a8.h9->m8	0.0404492355
m5->a9.h5<q>	-0.027633828
m6->a9.h5<k>	0.034557471312500004
a7.h1->a9.h5<q>	0.031882936375000004
m7->a9.h7<v>	0.03960950565625
m7->a9.h8<k>	0.03312453575
a8.h8->a9.h5<q>	0.045402079206054685
a8.h8->a9.h5<k>	0.030041750070312498
m8->a9.h1<q>	0.0315691330546875
m8->a9.h1<k>	0.02661774
m8->a9.h15<v>	-0.050358866125
a5.h3->m9	0.04727976605468749
a6.h2->m9	0.032293069375
a7.h6->m9	-0.019278251187499998
a7.h11->m9	0.027251569375
a9.h15->m9	-0.04866960983642578
a8.h8->a10.h8<q>	-0.023307941125
m8->a10.h9<q>	0.047919123
m8->a10.h12<q>	-0.0361198305
a9.h7->a10.h8<q>	-0.023334233000000003
m9->a10.h9<q>	-0.04679310225
m9->a10.h9<k>	-0.034651652
m3->m10	-0.01914096837109375
a7.h8->m10	-0.0025072804999999986
m7->m10	0.026982122575683595
a8.h1->m10	-0.0418845711484375
a8.h14->m10	-0.0019332315000000003
a9.h5->m10	-0.039484271785156254
a10.h1->m10	-0.03065438725
a10.h4->m10	0.03614564721875
m8->a11.h5<v>	0.022254660750000002
m9->a11.h5<v>	-0.028287925
a10.h8->a11.h5<q>	-0.02964057075
m10->a11.h0<q>	0.040289240625
m10->a11.h4<v>	0.026510658
m1->m11	0.0485957159375
m3->m11	0.034328673000000004
m4->m11	0.033644454074218746
a9.h1->m11	-0.0284025085
a9.h5->m11	0.011260280749999999
a9.h8->m11	0.029242915499999998
a11.h2->m11	0.026738772625
a11.h15->m11	-0.01506788221875
a8.h8->a12.h3<v>	-0.027639272375
a9.h7->a12.h3<v>	8.235250000000055e-05
a10.h8->a12.h3<v>	-0.0399398499296875
a11.h15->a12.h3<v>	0.0332005806796875
m0->m12	-0.028147621
m3->m12	-0.020856194562500003
m4->m12	0.015112488046874999
m5->m12	-0.04667949098034668
m6->m12	0.03834560759375
a8.h8->m12	-0.005832653437499999
a8.h12->m12	0.029887848
a9.h5->m12	0.025392144499999998
a9.h7->m12	-0.0398452115
a9.h8->m12	-0.023750555
a10.h7->m12	-0.023276996
a11.h3->m12	0.017640756
a11.h11->m12	0.03644408615625
a12.h0->m12	-0.0221774186875
a12.h14->m12	0.038748770064453125
a8.h8->a13.h4<v>	-0.03487927703125
a8.h8->a13.h6<q>	0.003655281
a9.h7->a13.h6<q>	-0.00011709549999999909
m9->a13.h6<q>	-0.013164944437500001
a10.h1->a13.h4<v>	0.0011756240625
a10.h8->a13.h4<v>	-0.05183873346875
m10->a13.h4<k>	-0.003263917
a11.h4->a13.h6<q>	0.014841586875000002
a11.h5->a13.h4<v>	-0.0379401670625
a11.h5->a13.h6<q>	0.0024710294999999993
a11.h7->a13.h6<q>	-0.010649545
a11.h11->a13.h6<q>	-0.010956433500000001
a11.h15->a13.h4<v>	0.03975027668359375
m11->a13.h0<q>	0.017487510749999997
m11->a13.h4<q>	-0.032886532499999996
m11->a13.h6<q>	0.040470587
m11->a13.h11<q>	-0.0034774706250000013
a12.h0->a13.h4<v>	0.022031260999999996
a12.h0->a13.h6<q>	-0.028587896
a12.h3->a13.h4<q>	-0.05799694880078125
a12.h7->a13.h4<v>	-0.035091135046875
a12.h7->a13.h12<v>	0.0291896631875
a12.h8->a13.h12<v>	-0.02098136675
a12.h10->a13.h4<v>	0.0443870714375
a12.h14->a13.h4<v>	0.0271141595
m12->a13.h0<k>	0.029301796999999997
m12->a13.h4<v>	-0.018332896125
m12->a13.h6<q>	-0.03198969890625
m6->m13	0.021708661093749998
a8.h1->m13	0.023895954499999997
a8.h8->m13	0.024931883
a8.h10->m13	0.026449914999999997
m9->m13	0.014585611945312497
a11.h3->m13	-0.024114999499999998
a11.h5->m13	0.030303862
m11->m13	-0.00812114651171875
a12.h8->m13	0.0232330355
a13.h9->m13	0.039209760875
m9->a14.h13<q>	0.042327236875
a12.h3->a14.h15<q>	-0.045115664423828125
m12->a14.h13<q>	0.0090770945
m13->a14.h13<q>	-0.06322755787768554
m13->a14.h15<q>	0.0057381177500000005
m7->m14	-0.043648457437499996
a12.h3->m14	-0.02459358425
a12.h10->m14	-0.022692408
m13->m14	0.07850468366162108
a14.h14->m14	0.038722230781250006
a8.h8->a15.h8<q>	-0.021212477
a10.h8->a15.h8<q>	-0.02694071625
m10->a15.h8<q>	0.019923452
a11.h5->a15.h8<q>	-0.0009127240000000002
m11->a15.h8<q>	-0.023695101
a12.h3->a15.h8<q>	-0.0268526795
m12->a15.h8<q>	-0.030098358375
a13.h2->a15.h8<q>	0.023887893
a13.h4->a15.h8<q>	-0.0388599748125
a13.h4->a15.h11<q>	-0.0240338415
a13.h6->a15.h0<v>	0.0013392774999999996
a13.h6->a15.h8<q>	-0.014768020109375
a13.h6->a15.h11<v>	0.023070019625
a13.h11->a15.h8<q>	-0.012500722125
m13->a15.h0<q>	0.0079467676875
a14.h11->a15.h8<q>	-0.05937734028710937
a14.h15->a15.h8<q>	-0.01436718071875
m14->a15.h8<q>	-0.00941731325
m9->m15	0.026017075359375003
m10->m15	0.029648853
a11.h4->m15	-0.0277207218828125
a12.h3->m15	0.022744078
a13.h6->m15	-0.0283398085
a14.h15->m15	-0.033332143046875
m14->m15	0.030702898208984374
a15.h7->m15	-0.0239117315
a13.h4->a16.h2<q>	0.027291939
a13.h4->a16.h7<q>	0.0142803331875
a13.h6->a16.h6<q>	-0.014752108750000001
a14.h11->a16.h2<q>	0.022780139
a14.h11->a16.h6<q>	-0.013063811125000001
a14.h11->a16.h7<q>	0.0091800352421875
a14.h15->a16.h6<q>	0.000665622749999999
m14->a16.h2<q>	-0.026279261
a15.h8->a16.h6<q>	0.007237724125000001
m15->a16.h2<q>	-0.022718778
m13->m16	0.050410594828125
a16.h5->m16	-0.026926612000000003
m14->m17	0.07555710538427735
m15->m17	0.019071242359375
a13.h4->a18.h0<q>	-0.028770915625
m14->a18.h8<k>	-0.04757121989746094
a15.h8->a18.h0<q>	-0.034207023140625
m15->a18.h8<q>	-0.027348789984375
m18->m19	0.022304928
a20.h1->m22	0.04634457730371094
a21.h3->m22	0.0287084605
a17.h15->m23	0.03606140273828125
a21.h1->m23	0.02676128421875
a23.h6->m23	-0.022522411875
a23.h15->m23	0.004879677640625
m11->logits	0.005045192750000002
m19->logits	-0.017184656740722656
a20.h1->logits	-0.03921326781201172
a20.h2->logits	-0.0253190356875
a21.h1->logits	-0.028837632640625
a23.h2->logits	0.02417517
a23.h5->logits	0.041395010499999996
a23.h11->logits	0.028267107859375
a0.h2->m0	0.025351663249999996
input->a1.h2<v>	-0.03208787378125
input->a1.h5<v>	-0.032465262
input->a1.h10<v>	0.0301031825
input->a1.h14<v>	0.036727151
a0.h1->m1	0.0444413439375
m1->a2.h8<q>	-0.030040996
a1.h3->m2	-0.0008018620000000004
a2.h3->m2	-0.004201921000000001
a2.h6->m2	0.0358756768125
m0->a3.h1<q>	0.022961503
m1->a3.h1<k>	-0.025789578
m2->a3.h0<v>	-0.02084883975
m2->a3.h4<v>	0.022708919
a2.h5->m3	0.031101980562500003
m2->m3	0.07597156115527344
a3.h2->m3	-0.03359099325
m2->a4.h11<v>	0.02659235
a2.h3->m4	-0.02428524
m2->m4	0.069452732203125
a3.h14->m4	0.032603707
m1->a5.h3<v>	-0.029769990250000003
a2.h3->m5	-0.034199469
m2->m5	-0.06832357917163086
a4.h11->m5	0.01922532175
a4.h15->m5	0.02479193733203125
m4->m5	-0.046452955500000004
a5.h10->m5	0.0072870528125
a5.h11->m5	0.003986206499999999
a5.h14->m5	-0.022555858
m5->a6.h15<k>	-0.025209323218750003
m0->m6	-0.0290572384375
a3.h1->m6	-0.0376609095625
a4.h15->m6	-0.026748833125
a6.h9->m6	-0.027231567
a6.h14->m6	0.0419879155625
a6.h15->m6	-0.00975917325
m5->a7.h8<q>	-0.00010027075000000087
a6.h3->m7	0.029603786375
a6.h4->m7	-0.0220539964375
a7.h4->m7	0.027694859000000002
a7.h8->m7	0.023212399964843748
m7->a8.h10<v>	0.026728151
m1->m8	0.013230162125
a3.h1->m8	0.045707267
a4.h11->m8	-0.02331251375
m4->m8	-0.0453680273125
a5.h10->m8	-0.030167888999999996
a8.h14->m8	0.02565765365625
a8.h15->m8	0.02686438075
m7->a9.h1<q>	-0.023439262500000002
m7->a9.h1<k>	-0.025265844
m7->a9.h15<q>	-0.0389875905
a8.h8->a9.h1<k>	0.022387566
a8.h8->a9.h5<v>	0.02225405
a8.h8->a9.h7<q>	-0.036556754773437505
a8.h10->a9.h15<q>	0.02922773875
m8->a9.h5<q>	0.02464973
m8->a9.h8<v>	-0.024631938
a4.h9->m9	0.0291261035
a5.h10->m9	0.022248115
a8.h5->m9	0.0215092185
a8.h13->m9	-0.0288197045
a8.h14->m9	-0.016532776312499997
a9.h0->m9	0.028595272
m9->a10.h1<q>	0.035864532500000004
m9->a10.h15<v>	0.009823691249999999
a7.h1->m10	0.0259205375
a7.h2->m10	-0.0297869358125
m8->m10	-0.06340723529638673
a10.h3->m10	0.021660149625
a10.h7->m10	-0.01138310325
a10.h12->m10	0.010223475000000003
m7->a11.h7<v>	0.023781498499999998
m9->a11.h7<v>	-0.03295287478125
m10->a11.h7<v>	-0.020535249999999998
a6.h0->m11	-0.004578263499999999
a8.h10->m11	-0.03738803775
a10.h12->m11	0.012634550500000001
a10.h15->m11	-0.017265155156250003
a11.h0->m11	-0.029432799625
m10->a12.h10<v>	-0.026487735
m11->a12.h3<v>	0.030204572625
m11->a12.h4<q>	-0.027363248
m11->a12.h10<q>	-0.023341238
m11->a12.h10<v>	-0.025084392750000004
a10.h8->m12	-0.01239499275
a11.h7->m12	-0.03319449425
a9.h5->a13.h4<v>	0.0274754815
a9.h7->a13.h4<v>	-0.03114205025
a10.h8->a13.h12<v>	0.04748584890625
m10->a13.h6<k>	0.028356923
a11.h4->a13.h4<v>	-0.026854651125
m11->a13.h4<k>	-0.027346158546875
a12.h1->a13.h4<v>	0.019037377
a12.h3->a13.h6<k>	0.0293607575
a12.h3->a13.h6<v>	0.026817916
a12.h3->a13.h12<v>	0.03495747026953125
a12.h9->a13.h4<v>	0.0311822723125
m5->m13	0.010744779656249998
a8.h3->m13	-0.022852272
a10.h8->m13	-0.03094529
a11.h0->m13	-0.025672558875
a11.h11->m13	0.03484702571875
a12.h0->m13	0.027463349468750002
a12.h4->m13	-0.034305635
a12.h7->m13	0.0100629825
a12.h11->m13	0.024617872984375
a13.h0->m13	0.01644659975
a13.h10->m13	-0.0366667933125
a13.h11->m13	-0.031406599343749994
a13.h12->m13	0.06535158587792969
a13.h13->m13	-0.01133795275
m7->a14.h13<k>	0.029139998875
a8.h8->a14.h13<q>	0.019373488
m8->a14.h13<k>	0.025456083249999997
a10.h1->a14.h11<v>	0.023125734
m10->a14.h11<v>	-0.02688644
a11.h15->a14.h11<v>	0.026999534
a12.h3->a14.h6<v>	0.023513308
a12.h3->a14.h11<q>	0.007382319593750002
m12->a14.h13<k>	0.02825071978125
m12->a14.h15<v>	-0.024132818
a13.h1->a14.h13<q>	-0.040474546265625
a13.h2->a14.h1<v>	0.0265577723125
a13.h4->a14.h1<v>	-0.032934120125
a13.h4->a14.h6<q>	0.020746686
a13.h4->a14.h6<v>	0.032438607
a13.h4->a14.h11<q>	-0.017992494492187497
a13.h4->a14.h11<k>	-0.0009980448749999996
a13.h6->a14.h15<q>	0.02792197875
a13.h11->a14.h11<q>	0.0329380125625
a13.h12->a14.h11<v>	0.0365627105
m13->a14.h6<q>	-0.021188041499999997
a14.h6->m14	-0.025842842
a13.h2->a15.h0<v>	-0.03125544025
m3->m15	0.023265421
m12->m15	0.0313296149375
m12->m16	-0.021591332125
a13.h4->a18.h8<q>	0.026008606703125
a14.h11->a18.h4<q>	0.023170801625
a14.h13->a18.h0<q>	0.026819885437500003
a14.h13->a18.h8<q>	-0.036414695500000004
a14.h15->a18.h8<q>	-0.028658159125
a15.h8->a18.h8<q>	0.032783880105468746
m15->a18.h4<q>	-0.03222801375
a17.h2->a18.h0<q>	-0.033963510875
m16->m18	0.0029300014999999995
a17.h5->a20.h9<v>	-0.036770389625
a22.h12->logits	-0.03959306759375
a0.h0->m0	-0.0224597265
a0.h5->m0	0.032995292625000006
a0.h6->m0	0.028403968
input->a1.h2<q>	-0.026301257
a0.h1->a1.h2<q>	0.030276512
m0->a1.h2<q>	-0.033031589375
a1.h3->m1	-0.035439777968749996
a1.h7->m1	0.02639583325
a1.h11->m1	-0.038457540250000005
a1.h14->m1	-0.015581510625
a2.h7->m2	-0.018031325
a2.h15->m2	-0.023097521875
a2.h14->m3	0.04055878801171875
m2->a4.h8<v>	-0.005517704750000001
m3->a4.h8<q>	0.015299797
a3.h2->m4	0.0184967905
a4.h11->m4	0.017919874
m2->a5.h3<v>	-0.015948057
m3->a5.h3<k>	0.019931568
m3->a5.h3<v>	0.00011793149999999968
a4.h8->a5.h3<q>	0.017016273
m5->a6.h12<v>	0.0266824815
a5.h3->m6	-0.024433679375
a5.h9->m6	-0.016892802
m5->a7.h8<v>	0.019034019
a6.h4->a7.h8<v>	0.008428559
m6->a7.h7<v>	0.016140327
m5->a8.h5<q>	0.015546227
m5->a8.h10<v>	0.027634772687499996
m7->a8.h5<q>	0.019545455
m7->a8.h8<q>	0.008781905625
m0->m8	-0.00906333775
a6.h4->m8	-0.0252507846875
a6.h8->m8	0.02980233925
a8.h11->m8	-0.026322135
m6->a9.h7<v>	0.01225038275
a8.h10->a9.h15<v>	-0.033123121
m8->a9.h7<v>	-0.027458271875
a6.h12->m9	0.01726978925
m8->a10.h12<v>	-0.0225604
m8->a10.h15<q>	0.033287420875
m8->a10.h15<v>	-0.00239232275
m9->a10.h6<v>	0.0200037575
m9->a10.h15<q>	-0.014987877499999998
m1->m10	-0.0247178695625
m5->m10	0.03869503219140625
a8.h7->m10	-0.018955596
a8.h12->m10	-0.025605528
a9.h0->m10	0.0200594684375
a9.h2->m10	-0.035853406625
a9.h12->m10	0.018129678
m9->a11.h4<v>	0.026467872906250002
m2->m11	-0.03529451709375
a8.h3->m11	-0.0245630185
a8.h14->m11	0.015412731
a11.h10->m11	-0.02547828975
m10->a12.h8<v>	0.021287635
a9.h1->m12	0.03201233228125
a11.h2->m12	-0.0254188
a11.h4->m12	-0.019097548500000002
a12.h12->m12	-0.016394883
m7->a13.h4<v>	-0.017067526
a10.h8->a13.h4<q>	-0.03269145575
m10->a13.h4<v>	0.029780406750000002
m11->a13.h15<k>	-0.023385777500000003
a12.h3->a13.h2<q>	0.021657884546875
a12.h3->a13.h4<k>	-0.025993709
m1->m13	-0.0003628682499999987
m3->m13	-0.016327615
a7.h6->m13	0.021933052
a9.h15->m13	0.022798587500000002
m9->a14.h13<k>	0.01060428725
a10.h8->a14.h1<v>	-0.0207177495
a10.h8->a14.h11<q>	0.028369382625
a10.h8->a14.h15<v>	0.0266449675
m11->a14.h15<k>	-0.0009836210000000005
a12.h7->a14.h11<v>	-0.028334459
a13.h4->a14.h0<q>	0.01928943
a13.h6->a14.h11<q>	-0.044113281625
m3->m14	0.021256588
m5->m14	-0.018233275
a11.h4->m14	-0.017383711
a9.h7->a15.h8<q>	-0.016867518
m9->a15.h8<q>	0.020748660749999998
a10.h1->a15.h8<q>	0.019043462
m10->a15.h9<k>	0.019078229000000002
a12.h14->a15.h8<q>	0.014888032499999999
m12->a15.h0<v>	0.015183716
m12->a15.h9<q>	0.02578087275
a13.h4->a15.h7<q>	0.017605032625000003
a13.h4->a15.h8<k>	-0.0262316005
a13.h4->a15.h11<k>	-0.015840981
a13.h11->a15.h0<v>	0.021598827
a13.h11->a15.h11<v>	-0.020094747
m13->a15.h8<q>	0.021512946499999998
m13->a15.h8<k>	-0.014954621625
a14.h11->a15.h7<q>	0.010983518500000001
a14.h11->a15.h11<q>	-0.01573936
m4->m15	-0.01602254
a6.h0->m15	-0.016992839
a15.h8->m15	0.018091125
a16.h1->m16	-0.015662055
m10->m17	-0.01938383
a15.h9->m17	-0.016317371
a13.h4->a18.h9<q>	0.015662454
a14.h11->a18.h9<q>	0.021899685
a15.h8->a18.h9<q>	0.024090547
a15.h9->a18.h9<q>	-0.015173267
a14.h11->a19.h13<q>	-0.01626092
m14->m19	0.0203393615
a12.h3->a20.h14<q>	0.016535435
a15.h8->a20.h14<q>	0.020761728125
a15.h9->a20.h14<q>	-0.023779803750000002
m17->a20.h14<q>	-0.0223915915
m12->logits	-0.008795958000000001
a22.h2->logits	0.024382255
a0.h11->m0	-0.025435457343750002
a0.h12->m0	-0.038921197500000004
input->a1.h11<v>	0.034453628
a1.h13->m1	-0.0318494605
a1.h15->m1	0.0323415595
m0->a3.h4<q>	-0.026131816000000002
m1->a3.h4<q>	-0.029755855625
a2.h10->a3.h14<v>	0.029980211
input->m3	0.037979462125
m0->m3	0.0139107826875
a1.h4->m3	-0.039440969625
a2.h8->m3	-0.0350506305
a2.h15->m3	-0.04134202
a3.h5->m3	-0.034868784875
a3.h14->m3	0.0260059850625
m0->a4.h13<q>	0.030045764500000002
m2->a4.h13<q>	0.03728201
m2->a4.h13<k>	0.041241348
m3->a4.h11<v>	-0.045318738
a2.h5->m4	-0.03401398878125
a1.h2->m5	-0.03018344925
m1->m5	-0.028585598999999996
a1.h12->m6	-0.035604466
a5.h8->m6	0.036042728
a5.h14->m6	-0.03035092925
a6.h1->m6	-0.009639640000000001
a6.h6->m6	-0.042376525
m6->a7.h8<v>	-0.03514225425
a4.h13->m7	0.043296885
m5->a8.h11<q>	-0.0410643625
a3.h14->m8	-0.033306126
a4.h13->m8	-0.042700525
a5.h5->m8	0.0279169705
a5.h11->m8	0.008285693
a6.h2->m8	0.041114636
a8.h6->m8	0.038137424
m8->a9.h15<q>	0.042040320500000006
a4.h2->m9	0.027605207374999996
a7.h8->m9	-0.034218567125
a8.h4->m9	0.0256259305625
a8.h11->m9	-0.018454630125000003
a9.h2->m9	-0.031892045
a9.h13->m9	-0.03404048
a9.h14->m9	0.029471688000000003
a8.h8->a10.h15<k>	0.042710092
m8->a10.h0<v>	-0.031003856
m0->m10	-0.028874241499999998
a6.h2->m10	0.0348879008125
a6.h10->m10	-0.041069575
m6->a11.h11<k>	0.03186558275
m8->a11.h4<v>	-0.025358780749999997
m8->a11.h11<q>	0.04947158017578125
m9->a11.h11<q>	-0.039712037859375
m9->a11.h11<k>	-0.037923571125
a10.h8->a11.h11<k>	0.035360653374999995
m10->a11.h2<v>	0.0284516715
m10->a11.h11<v>	-0.03829703
a6.h3->m11	-0.03532913875
a10.h6->m11	-0.00387402475
a10.h9->m11	-0.0353566295
a10.h14->m11	0.026897377
m8->a12.h3<q>	-0.038038038
m9->a12.h3<v>	-0.0352020225
a10.h6->m12	0.018194665625
m8->a13.h11<q>	-0.02792001575
m10->a13.h1<k>	-0.03412619
a12.h3->a13.h2<v>	0.0143995945
a12.h3->a13.h15<v>	0.0349891915
m12->a13.h1<k>	0.0363839741875
m2->m13	-0.0012781549999999996
a11.h15->m13	-0.023071402468750002
a13.h1->m13	0.039964908078125
a13.h14->m13	-0.0023810345000000004
m5->a14.h13<q>	-0.03056118275
a9.h6->a14.h13<k>	-0.0313173945
a12.h1->a14.h11<v>	0.036083425
a13.h12->a14.h15<v>	-0.034815170000000006
m13->a14.h11<v>	-0.0138933166875
a14.h15->m14	-0.04282458875
m8->m15	0.027107456624999998
a15.h8->a16.h7<q>	0.017356868749999997
m7->m16	-0.005822739
a14.h11->a17.h11<q>	0.034427054
m14->a18.h0<k>	0.038824107125
a15.h8->a18.h4<q>	0.0377076638125
a16.h6->a18.h8<q>	0.0158182919375
m16->a18.h8<q>	-0.034549711875
m16->a18.h8<k>	-0.0286302329296875
m15->m23	0.0020040015000000015
a20.h2->m23	-0.00822784
m8->logits	-0.037030857
a20.h10->logits	-0.07367819075000001
a23.h4->logits	0.021629229099609376
m0->a1.h1<q>	0.0024918279999999998
a1.h0->m1	0.030799782
a1.h10->m1	-0.018767943
m1->a2.h2<v>	0.033384764
m1->a2.h10<q>	0.025567938249999998
m1->a2.h14<v>	-0.018303473
a2.h1->m2	0.003508931
a2.h2->m3	0.02674649
a3.h6->m3	0.017776959
m4->a6.h10<v>	-0.018055944
m5->a6.h1<q>	0.018525451
m5->a6.h2<v>	-0.019514058
a5.h5->m6	0.028240191749999997
m2->a7.h6<v>	-0.019197738
m3->a7.h6<v>	0.02660799375
m6->a7.h2<q>	0.020154918
m6->a7.h11<k>	0.01854229
a4.h7->m7	0.030213566
a4.h11->m7	-0.019245594999999997
a4.h15->m7	-0.019526806
a5.h14->m7	0.018222896
a6.h9->m7	-0.018076967
a7.h13->m7	-0.026368452
a7.h8->a8.h2<v>	-0.017687805
a0.h1->m8	-0.022674492
a7.h4->m8	-0.024005800125
a7.h14->m8	-0.035270176
m5->a9.h3<q>	0.022935238
a7.h2->a9.h1<v>	-0.017753122
m7->a9.h5<v>	-0.0255853
a8.h8->a9.h1<q>	0.01764831
m8->a9.h0<v>	-0.017554436
m8->a9.h1<v>	0.0189595135
m8->a9.h5<v>	-0.018107794
m1->m9	0.012424819624999998
a8.h6->m9	0.008417724249999998
a9.h8->m9	0.028987496875
m7->a10.h7<k>	-0.018399533
a8.h3->a10.h8<v>	0.024408855
a8.h8->a10.h8<v>	0.0023703890000000005
a9.h7->a10.h4<q>	-0.01952578
m9->a10.h3<v>	0.0009678294999999996
m9->a10.h10<v>	-0.0001691740000000011
m2->m10	0.0286828648125
a10.h9->m10	-0.007595637000000001
a8.h8->a11.h5<q>	-0.018416312
m8->a11.h14<q>	-0.017596131
a10.h8->a11.h15<v>	0.009072505625000001
m10->a11.h0<v>	0.01863031
m10->a11.h7<q>	-0.017428286
a7.h11->m11	-0.0003106254999999999
a7.h14->m11	-0.018995464
a11.h14->m11	0.012139150875000001
m8->a12.h8<q>	0.02223022
a10.h8->a12.h3<q>	-0.031592298
a10.h8->a12.h8<q>	0.017506
m10->a12.h3<q>	-0.017396023
m10->a12.h3<k>	-0.02306496
a11.h10->a12.h0<v>	-0.01696939325
m11->a12.h0<v>	0.0194734645
m1->m12	0.017595194
a5.h3->m12	0.025570689
a8.h5->m12	0.019244285
a8.h10->m12	0.008774377
a10.h15->m12	0.0014755015000000003
m11->a13.h1<k>	0.006488803500000001
a10.h5->m13	0.0014435609999999995
m6->a14.h13<k>	-0.04005207
m8->a14.h13<q>	0.004088536
m9->a14.h15<q>	-0.0294541461875
m10->a14.h13<k>	0.012258891
a12.h1->a14.h15<v>	-0.023398315000000003
a13.h4->a14.h1<q>	-0.010560034375000001
m10->a15.h9<v>	0.022930622
a14.h13->a15.h8<q>	0.0030978210000000006
m14->a15.h2<q>	-0.018924188
m6->m15	0.02824183775
m11->m16	-0.008261535562499998
a12.h14->m16	-0.019719467499999997
a13.h6->m16	-0.020943367
a13.h1->a18.h8<q>	-0.019593837
a13.h4->a18.h0<k>	-0.018128946
a13.h6->a18.h8<q>	-0.025230720499999998
a15.h0->a18.h0<q>	0.018610824
a15.h0->a18.h8<q>	-0.02580475
a15.h9->a18.h0<q>	0.0249960825
a15.h9->a18.h8<q>	-0.04307053625
a16.h6->a18.h0<q>	-0.0235561585
m17->a18.h8<q>	-0.03737670675
m14->m18	0.020555419999999998
m15->m18	0.02290773
m16->m22	0.02099818925
a20.h14->a23.h3<v>	-0.02107581525
m13->m23	-0.023179768
a18.h9->m23	0.028354933
a20.h1->m23	0.040528430500000004
a20.h9->m23	0.029214912125
a21.h3->m23	0.032122147625
a23.h5->m23	-0.03256805375
m13->logits	0.0007059174999999984
input->a1.h0<k>	0.014345741
a0.h2->m1	-0.0154847745
a1.h1->m1	-0.026790015
m0->a2.h14<v>	0.015619102
a1.h5->a2.h14<q>	0.017285498
m1->a2.h1<v>	0.013918119
a1.h2->m3	0.003067574
a3.h8->m3	-0.009641153750000001
a3.h0->a4.h11<k>	-0.005502578499999999
m3->a4.h11<k>	7.452950000000173e-05
m3->a4.h15<q>	-0.014599666
a4.h1->m4	0.014833829
a4.h2->m4	0.0300693080625
a5.h4->m5	0.022348874999999997
a5.h8->m5	-0.016120432
m3->a6.h0<v>	-0.023812313
a4.h8->m6	0.0231509445
a6.h15->a7.h4<v>	-0.013813931
a5.h10->m7	0.02074698175
m5->a8.h1<q>	0.01873159
m6->a8.h10<v>	-0.02083039425
m7->a8.h1<q>	0.016694915
a3.h13->m8	-0.025556290500000002
a4.h9->m8	-0.014903404
a5.h14->m8	-0.02039205
a6.h3->m8	0.02373223125
a6.h15->m8	0.023062709
a7.h15->m8	0.023353579
a8.h4->m8	0.030235552250000002
m6->a9.h7<q>	-0.024977309
a7.h6->a9.h15<v>	-0.025790344
m7->a9.h5<q>	-0.028084926
m7->a9.h5<k>	-0.0189165305
m7->a9.h10<q>	-0.016115017
a8.h0->a9.h5<q>	-0.014293942
a8.h2->a9.h5<q>	-0.018419467
m8->a9.h8<q>	0.006591600500000001
a4.h13->m9	-0.015060837
a7.h3->m9	0.0030703864999999993
m7->a10.h1<v>	0.014032189
a9.h1->a10.h8<v>	-0.007987655
a9.h10->a10.h3<v>	-0.016314209
m9->a10.h1<v>	-0.022337535
m9->a10.h8<v>	-0.033128063
a5.h5->m10	-0.01727949
a6.h3->m10	-0.027338451
a6.h12->m10	-0.027789507
a8.h9->m10	-0.017152108
a9.h1->m10	0.0133146255
a9.h15->m10	-0.03570435075
a10.h0->m10	0.0246625865
a9.h7->a11.h4<q>	-0.0189120125
a9.h7->a11.h15<q>	0.022208620999999998
m9->a11.h4<k>	-0.017596453
m9->a11.h11<v>	-0.019208752
m9->a11.h15<k>	0.015091683
a10.h8->a11.h4<q>	-0.018750802
a10.h8->a11.h15<q>	0.021205445
m10->a11.h11<q>	0.0440569958125
a8.h13->m11	0.016849421
a10.h10->m11	0.014533646
m6->a12.h3<v>	0.019108026875
m8->a12.h3<v>	-0.0032410655
a11.h7->a12.h3<v>	-0.0220821705
a7.h6->m12	-0.0336990705
a10.h0->m12	-0.0278457815
a12.h15->m12	-0.018624306
m6->a13.h6<k>	-0.002794809500000001
m8->a13.h0<q>	-0.016072132
m8->a13.h1<q>	-0.014418918
m10->a13.h6<q>	-0.018074088
a12.h3->a13.h0<q>	-0.024625069
m12->a13.h1<v>	0.0026820047499999996
m12->a13.h10<v>	-0.014011905
m12->a13.h11<v>	-0.0159259
m13->a14.h0<v>	0.0179876315
m13->a14.h10<q>	0.013988419125000002
m13->a14.h14<v>	0.017395243
a13.h3->m14	-0.014194976
a13.h9->m14	-0.02078778
a14.h1->m15	0.020677336
a14.h14->m15	-0.0201511085
a15.h0->m15	0.013951674
m9->m16	-0.02825299275
a11.h4->m16	0.0178844585
a13.h11->m16	0.025666480999999998
a13.h4->a17.h15<q>	-0.010211072500000001
a14.h11->a17.h15<q>	0.0238828855
a14.h15->a17.h15<q>	-0.021399558
a15.h8->a17.h15<q>	0.019431084
m17->a20.h10<q>	-0.018244889
m19->a20.h10<k>	0.02404068
a20.h14->m21	0.015101451
a17.h15->a23.h3<v>	-0.013930332
m17->m23	-0.02756514175
a19.h5->m23	-0.0273683315
m21->m23	0.024476315
a15.h7->logits	-0.020631172250000003
a17.h1->logits	-0.0163395675
a19.h5->logits	0.0173609645
a21.h7->logits	0.015247583
a21.h15->logits	0.00057645175
a23.h6->logits	0.019695699
a23.h9->logits	0.016804248
a2.h8->m4	0.028523933
a4.h10->m5	-0.030910103
m3->a7.h6<k>	-0.0006115440000000003
m5->a7.h6<q>	0.002395347499999999
m5->a9.h8<q>	0.035590415
m5->a9.h8<k>	0.027218571
m6->a9.h8<q>	-0.03860696
a7.h2->a9.h8<v>	0.031981356
a7.h3->a9.h8<q>	-0.03248234
a8.h8->a9.h8<q>	-0.028082539125
m2->m9	0.0130979605
a6.h3->m9	-0.0018475109999999996
a6.h6->m9	0.028379492
a9.h7->a10.h8<v>	-0.01437227675
a8.h2->m10	0.03914228
m10->a11.h0<k>	-0.02713464
a6.h12->m11	-0.027327646
a9.h10->m11	-0.006713696999999999
a10.h1->a12.h3<v>	0.023407951000000003
a10.h8->a12.h7<v>	0.0012601950000000021
a10.h8->a12.h8<v>	-0.04301971
a11.h4->a12.h3<v>	-0.028714366
a11.h5->a12.h3<v>	-0.048340272249999997
a8.h9->m12	0.0301391835
a12.h1->m12	-0.03611111
m6->a13.h4<v>	-0.0029222699999999976
m8->a13.h2<k>	0.03464675
m8->a13.h6<q>	0.026793398
m10->a13.h2<v>	0.03895095
a11.h4->a13.h2<q>	0.01759252575
a11.h5->a13.h4<q>	-0.0335535745
a12.h5->a13.h4<v>	-0.00030511300000000095
a12.h10->a13.h2<v>	-0.028766593
m12->a13.h6<v>	0.033496134
m6->a14.h15<q>	0.03624426
a8.h8->a14.h15<q>	-0.003585121499999998
m10->a14.h15<q>	0.05001295
a11.h4->a14.h11<q>	-0.0019942725
a11.h4->a14.h15<q>	-0.009763577749999999
a11.h5->a14.h11<q>	0.025125408625
a11.h5->a14.h15<q>	0.0023080055000000016
a12.h3->a14.h1<v>	-0.037863553
a12.h7->a14.h11<q>	-0.002955804500000001
a12.h10->a14.h15<q>	-0.041798035
a13.h2->a14.h11<q>	0.041749265
a13.h2->a14.h15<q>	-0.07434805
a13.h12->a14.h15<q>	0.032152466500000004
a13.h12->a14.h15<k>	-0.033136357
m13->a14.h4<q>	0.02737635
a13.h4->a15.h10<v>	0.0253377935
m14->a15.h9<v>	0.03413137
a12.h3->a18.h8<q>	0.029940154
a13.h2->a18.h0<q>	0.027955182
a13.h2->a18.h8<q>	-0.039799206
a13.h4->a18.h4<q>	0.029011562
a14.h15->a18.h0<q>	0.02840472
a15.h7->a18.h8<q>	0.0342029125
a15.h9->a18.h4<q>	-0.030460135
a17.h2->a18.h8<q>	0.028432546
m17->a18.h4<q>	-0.03136962
a17.h4->logits	0.037406325
input->a1.h9<v>	0.026936744999999998
a0.h1->a1.h14<v>	-0.036129713
m0->a2.h14<k>	0.027499034000000002
m2->a3.h1<v>	0.0260441955
a2.h13->m3	0.030931412499999998
a3.h0->m4	-0.0503484
a4.h12->m4	0.036943044499999994
a4.h7->m5	0.03168802
a4.h12->m5	0.034121994
m3->a6.h12<v>	-0.031735107
a3.h0->m6	0.029263394749999998
a6.h8->m7	0.036749292
m5->a8.h8<v>	0.036264323
m6->a8.h12<k>	0.038352057
m7->a8.h13<v>	-0.03547873925
a5.h9->m8	-0.0347000225
m3->a9.h15<q>	0.0338040735
a7.h1->a9.h7<q>	-0.030519925
a8.h3->a9.h15<q>	0.0279370475
a8.h8->a9.h7<k>	-0.032276348999999996
a8.h8->a9.h15<q>	0.03233913075
m0->m9	0.030149957
a9.h1->a10.h1<v>	0.0325854365
a8.h4->m10	0.0032597200000000007
a8.h5->m10	-0.02688365
a9.h4->m10	-0.030629698625
a9.h6->m10	0.0353992245
m8->a11.h7<v>	-0.005934057999999999
a10.h1->a11.h11<k>	-0.028522735875
m10->a11.h11<k>	0.0292841225
a5.h3->m11	0.03152754
a7.h1->m11	-0.028824391
a10.h5->m11	0.0323402
m5->a12.h9<q>	-0.025551628
m9->a12.h10<v>	0.034250602
a10.h1->a12.h14<v>	-0.033189654
m10->a12.h14<v>	-0.0298047
m11->a12.h7<q>	0.030189646
a8.h1->m12	0.03191638
a9.h4->m12	0.02941802
a11.h8->m12	-0.026411254000000002
a9.h5->a13.h10<v>	-0.03024379
a10.h8->a13.h10<v>	0.033320993
m10->a13.h1<v>	-0.030520484
m10->a13.h6<v>	-0.031550147
m10->a13.h12<v>	-0.03165228
m11->a13.h4<v>	0.012516399374999997
a12.h14->a13.h4<q>	0.03080262025
a6.h0->m13	-0.031752847
a8.h8->a14.h11<q>	0.034185766
m8->a14.h15<k>	-0.002793262500000001
a10.h1->a14.h11<q>	-0.024682708499999997
a10.h8->a14.h15<q>	-0.0344382335
m10->a14.h11<q>	0.034817461
m11->a14.h11<q>	0.0325816025
a13.h4->m15	0.031522088499999996
m13->m20	0.0255567195
a19.h12->m22	0.03332892
m6->a23.h15<k>	-0.02661046425
a19.h13->a23.h15<q>	0.03904724800000001
a19.h13->a23.h15<v>	-0.0307849985
a22.h13->a23.h15<k>	0.039490519
a18.h10->logits	-0.04639137
m0->a1.h6<q>	0.02375992
m0->a1.h10<q>	-0.0307356155
m0->a1.h11<q>	-0.031232683
m0->a1.h11<k>	-0.0240031
m0->a1.h11<v>	-0.028351206
m0->a1.h12<v>	-0.0252891
a0.h10->m1	0.0311414135
m0->a2.h10<q>	0.01322277975
m1->a2.h6<v>	-0.022920547
a1.h5->m2	-0.022696367
a2.h4->m2	0.024372276
a2.h8->m2	-0.01503726
m2->a3.h5<v>	0.027414539
m3->a4.h6<q>	-0.023732295
a3.h13->m5	-0.024698902
m5->a6.h0<v>	-0.006132845999999999
a2.h3->m6	0.0018247329999999985
a6.h10->a7.h6<k>	-0.02165193
a7.h7->m7	0.036730826
a7.h15->m7	-0.0009343844999999996
a7.h2->a8.h3<v>	-0.022136074
m3->a9.h7<v>	-0.02399313
m6->a9.h15<v>	0.024866257
a7.h2->a9.h7<v>	0.033620141500000006
m7->a9.h7<q>	0.027955873
m9->a10.h4<q>	0.0252338425
a8.h13->m10	0.025419593499999997
a9.h14->m10	0.036158353
a10.h13->m10	-0.011992569500000001
m8->a11.h7<q>	0.000672265
m9->a11.h7<k>	0.02568711
a10.h8->a11.h5<v>	-0.022478651
a9.h2->m11	0.0296001855
m8->a12.h10<k>	-0.02209421
m10->a12.h10<q>	-0.030206108500000002
m10->a12.h10<k>	-0.0312704695
a11.h7->a12.h10<v>	0.028241664
a11.h10->a12.h10<k>	0.023050584
m11->a12.h9<v>	-0.022019152
a8.h8->a13.h4<q>	-0.024577416
a9.h7->a13.h4<q>	-0.025815032
m9->a13.h4<k>	-0.021811819
m9->a13.h12<q>	0.021659372
a10.h8->a13.h2<v>	0.023573663
a11.h15->a13.h12<v>	-0.022033848
m11->a13.h12<q>	0.022263318
a12.h3->a13.h1<v>	0.02832878
a9.h5->a14.h11<v>	0.02215018
m11->a14.h11<v>	-0.029504508
a12.h3->a14.h6<q>	0.025439713
m13->a14.h6<k>	0.027032599
m17->m18	-0.02553936975
m14->a20.h10<k>	-0.023600414
a20.h10->m20	0.03536056
input->a1.h4<v>	-0.021185547
input->a1.h7<v>	-0.022327555
input->a2.h14<v>	0.028281221500000002
a4.h7->m6	-0.020466207
m5->a7.h1<q>	0.00817028375
m5->a7.h1<v>	-0.020393081
m6->a7.h2<k>	0.03027769
m6->a7.h2<v>	-0.026862667
m6->a7.h6<q>	-0.024598194
a4.h9->m7	-0.022051122
m7->a9.h15<k>	-0.025528487250000002
a9.h9->m9	-0.020653967
m8->a10.h6<q>	0.02148082
a2.h14->m11	-0.021250902
a11.h0->m12	-0.031034684
a8.h8->a13.h12<v>	0.02137021
a11.h4->a13.h12<v>	0.021277104
a11.h5->a13.h12<v>	0.034289193999999995
a7.h8->m13	-0.022772363
a9.h7->a14.h11<q>	0.021833634
m10->a14.h10<q>	0.022784678
a11.h15->a14.h11<q>	-0.024059944
a11.h15->a14.h11<k>	-0.023878776
m12->a14.h11<k>	0.02263767
a13.h4->a14.h10<q>	-0.027720034
m13->a14.h11<q>	-0.041354597
m13->a14.h14<q>	0.025660864
a13.h1->m14	0.002556068
a14.h11->m14	0.028565584499999998
a14.h12->m14	-0.022785801
m11->a15.h9<q>	-0.02301824
a11.h7->m15	0.021811208
a13.h11->a16.h6<q>	0.024463672
a15.h0->a16.h6<q>	0.034472268
a14.h15->m16	0.023932777
a19.h13->m19	0.046308901
a19.h13->a22.h13<v>	-0.0229261125
m18->m22	0.022625392
m19->m22	-0.03594345
a20.h9->m22	0.023422144
a22.h4->m22	-0.022401646
a19.h13->a23.h14<q>	0.037451338
a19.h13->a23.h15<k>	0.0244739785
m20->a23.h14<k>	-0.029104061
a22.h13->a23.h14<q>	0.022456482
a22.h13->a23.h15<q>	0.0341404315
a18.h0->m23	0.024661442
a19.h13->m23	-0.0323379955
a22.h4->m23	0.022405759
m9->logits	0.030091476
a22.h8->logits	-0.030769628
a22.h11->logits	0.001438689
a23.h14->logits	0.0376400885
m0->a2.h5<v>	-0.027927138
a2.h2->m2	-0.02211084
a3.h3->m3	-0.021688733
m2->a4.h15<v>	-0.024940802
a0.h1->m4	-0.023814773
a4.h10->m4	-0.022411656
a3.h14->m5	0.019870715
a5.h15->m5	0.01978463
m1->a6.h2<k>	0.019598482
m5->a6.h6<v>	-0.023433775
m5->a6.h15<q>	0.028281672
m6->a8.h8<k>	-0.026260389
m7->a8.h7<v>	-0.019412585
a7.h7->m8	0.026780251
m8->a9.h12<q>	-0.02123864
m8->a9.h13<q>	0.022293765
a6.h4->m9	-0.026142567
a7.h12->m9	-0.020389881
a9.h3->m9	0.01999605
a7.h11->m10	0.028919131
m7->a11.h4<v>	0.020500857
m10->a11.h10<q>	0.025642853
m10->a11.h12<q>	-0.033595234
m10->a11.h14<v>	-0.022302374
a8.h1->m11	-0.019794585
a10.h7->m11	-0.02183089
a11.h12->m11	0.021166533
a11.h11->a12.h14<q>	-0.02480656
m11->a12.h3<q>	-0.022177011
a10.h3->m12	0.023740951
m9->a13.h1<q>	0.020639911
a10.h8->a13.h6<q>	-0.020012856
a11.h4->a13.h1<q>	-0.027331425
a11.h11->a13.h1<q>	-0.024377784
m11->a13.h6<k>	-0.019621015
a12.h3->a13.h1<q>	8.891149999999855e-05
a12.h3->a13.h13<q>	-0.019636251
a12.h9->a13.h1<k>	-0.020987017
m4->m13	-0.026752493500000002
a12.h1->m13	0.034429677
a12.h12->m13	0.020615762
m3->a14.h13<k>	0.025168752
a9.h7->a14.h13<k>	0.021647884
m10->a14.h15<k>	-0.020125823
m13->a14.h0<q>	0.019657943
m12->a16.h1<q>	-0.03592307
m13->a16.h1<k>	0.020397061
a14.h11->a16.h1<q>	0.019557001
a14.h15->a16.h1<q>	-0.025481787
m14->a16.h1<q>	0.02260833
m15->a16.h1<q>	-0.019924294
m15->a16.h1<k>	-0.026689766
m11->m17	-0.022851689
a16.h1->m23	0.025344148
a21.h15->m23	0.028753867
a16.h1->logits	-0.05708749
a21.h9->logits	0.02438378
a22.h6->logits	-0.020952906
input->a1.h10<k>	0.023302956
a0.h10->a1.h2<v>	0.025033373
m0->a1.h10<v>	-0.022858401
m1->a2.h13<v>	0.02811354
a3.h4->m3	-0.0313924
a4.h2->m5	-0.038849268
m5->a7.h4<v>	-0.026173763
m5->a7.h8<k>	0.023172628
a5.h9->m7	0.025130799
m7->a8.h1<k>	0.024125304
a4.h8->m8	-0.02399512
a8.h10->a9.h7<v>	0.0288013565
m8->a9.h8<k>	-0.024753135
a7.h4->m9	0.025227085
a8.h0->m9	-0.040672224
m8->a10.h4<v>	0.0272282215
m9->a10.h7<q>	-0.023152059
a8.h10->m10	-0.02031244175
a9.h6->m11	0.023256548
m9->a12.h14<v>	0.038585525
a9.h10->m12	0.0299338495
m9->a13.h1<v>	0.023124194
m12->a13.h2<k>	-0.025136483
m12->a13.h9<v>	0.0409080295
a10.h8->a14.h13<q>	0.027595796
a11.h11->a14.h13<q>	-0.0308846385
a11.h15->a14.h13<q>	-0.027910724
a12.h0->a14.h13<k>	-0.025149122
a12.h14->a14.h13<q>	-0.030794155000000004
a13.h4->a14.h13<k>	0.033317322499999996
a13.h15->a14.h13<q>	-0.031403344
a13.h15->a14.h13<k>	-0.030944517499999998
a14.h13->m14	-0.023865134
m13->a15.h9<k>	0.0242078
m14->a15.h10<k>	0.023501894
a3.h0->m5	0.036023006
input->m6	0.0230262185
a7.h12->m7	0.025891118
m1->a8.h12<k>	-0.021728706
m7->a8.h1<v>	-0.024351794
m7->a8.h12<k>	-0.024296522
a8.h8->a10.h1<q>	-0.022177488
m9->a11.h0<v>	-0.025253393
m9->a11.h4<q>	-0.021793773
a10.h8->a11.h2<v>	-0.024622183
m0->m11	0.025816124
a7.h2->m11	0.025598017
m8->a12.h7<q>	-0.021398712
m8->a12.h10<q>	0.026033562
a9.h1->a12.h3<v>	-0.021415085
a10.h8->a12.h7<q>	-0.022802249
m11->a12.h7<v>	-0.03078321
a6.h0->m12	-0.028851535
m11->a13.h2<q>	-0.022226822
m11->a13.h2<v>	-0.030543294
m11->a13.h6<v>	-0.022334538
a8.h7->m13	-0.02216573
a8.h12->m13	0.021847885
a10.h6->m13	-0.03194283
a10.h13->m13	-0.02593537
a11.h2->m13	0.013536794499999998
m6->a14.h11<v>	0.030582543
a9.h7->a14.h11<v>	-0.02648319
m11->a14.h2<q>	-0.021509638
a12.h0->a14.h15<q>	0.023263916
a12.h7->a14.h15<q>	-0.033127055
a13.h1->a14.h15<k>	0.024040964
m12->a15.h9<v>	0.027864441
m14->a15.h7<q>	-0.025577009
a13.h11->m15	-0.033187825
m13->a16.h6<q>	-0.027972396
m12->m17	0.026120823
m13->m19	-0.026374046
m17->m19	-0.032716557
a13.h4->a20.h14<q>	0.024825042
a13.h6->a20.h14<q>	-0.025415575
a14.h11->a20.h14<q>	0.034812696
m15->a20.h14<q>	-0.022238147
a19.h13->m20	0.022064153
m20->m22	0.023081724
a20.h6->m23	-0.023194468
a22.h13->m23	-0.024633288
m7->logits	-0.030755123
a20.h6->logits	0.021643076
a0.h13->m0	0.04040198
input->a1.h1<v>	0.03353855
a0.h10->a1.h3<v>	0.039435513
a2.h9->m2	-0.04759162
a1.h15->m3	0.037089903
m3->a4.h15<v>	-0.031903006
input->m4	0.03424286
a3.h3->m4	0.03283087
m5->a7.h2<q>	0.0347324
a1.h5->m7	-0.0285624155
m6->a8.h3<v>	0.041931473
m7->a8.h14<v>	-0.04073214
m5->a9.h15<v>	-0.03546484
a7.h1->a9.h7<v>	-0.0351098
a7.h2->a9.h15<v>	-0.030812601499999998
a7.h3->a9.h15<q>	0.032450855
m9->a10.h13<v>	-0.03500744
a10.h8->a12.h3<k>	-0.034582127
m11->a12.h5<k>	0.033534862
m11->a12.h10<k>	0.03882681
a8.h4->m13	0.033247855
m7->a15.h8<k>	-0.03529627
a16.h7->m17	-0.03296101
m3->a4.h9<q>	0.022523928
a4.h8->a5.h9<v>	0.025074106
m4->a6.h12<v>	-0.026670692
m5->a6.h2<k>	-0.02281396
a5.h4->m6	-0.024076445
a6.h0->a7.h1<k>	0.024430495
m5->a9.h7<q>	0.035895646
m6->a9.h9<q>	0.024510374
a7.h3->a9.h7<v>	-0.024538329
m7->a9.h8<q>	0.023959262
a8.h1->a9.h7<v>	0.023933038
m7->a10.h15<v>	-0.024500325
m8->a10.h0<q>	-0.02532215
a10.h14->m10	-0.025702154
m9->a11.h10<q>	-0.02428428
m10->a12.h0<v>	0.033291683
a10.h4->m12	-0.023081254
a9.h5->a13.h1<v>	-0.030397555
m9->a13.h1<k>	0.023974275
m10->a13.h1<q>	0.030211274
m10->a13.h4<q>	-0.03612121
a11.h15->a13.h4<q>	0.027008712
m12->a13.h4<q>	-0.026429644
m12->a13.h12<v>	0.032412253
m0->m13	-0.024226626
m8->a14.h15<q>	0.027575292
a11.h5->a14.h13<q>	0.024630304
a13.h4->a14.h15<k>	0.027765622
a13.h12->a14.h5<q>	-0.02474073
a13.h12->a14.h5<k>	-0.02266736
m13->a14.h5<k>	0.024915075
a17.h1->m23	0.022472313
a22.h10->m23	0.083475016
a22.h12->m23	0.030670214
a23.h4->m23	-0.023794463
a23.h8->m23	-0.024483979
a18.h12->logits	-0.025749616
a22.h10->logits	-0.054372873
