edge,score
m23->logits,0.3008381450125579
m7->m8,0.1847502676761627
a0.h1->m0,0.1682925114397735
a17.h5->a18.h0<q>,0.1266051302856445
m22->logits,0.1253436368741035
m5->m7,0.1182155825621948
a9.h7->m9,0.1091837058709716
m8->m9,0.1079040765098876
m11->m12,0.1069757878781738
m10->m11,0.1043599294597168
m7->m12,0.1015563497476806
a7.h2->m8,0.1008999901588134
a13.h4->a14.h13<q>,0.1002565681740875
m10->m13,0.0991814497474365
m14->m17,0.0827268217177734
m3->m5,0.0824641963892822
a6.h0->m6,0.0824001757877807
a14.h11->a15.h0<v>,0.0822232399489746
m2->m3,0.0788956545546875
m13->m14,0.0774813090800781
m1->m7,0.0755486958579101
a7.h6->m9,0.0738578308496093
a20.h1->m22,0.0734068619700927
a12.h3->a14.h13<q>,0.0731397295726013
a7.h8->m8,0.0714941668974609
m12->m14,0.0701597020734863
a15.h0->a16.h6<q>,0.06828937
m14->m16,0.0651734359580078
a14.h11->a18.h8<q>,0.0646756258257446
a13.h4->a14.h15<v>,0.0637966993359375
a0.h7->m0,0.063560426163208
a8.h12->m8,0.0631814432734375
a5.h3->m9,0.0628203756567688
a13.h12->m13,0.0625454392460022
a7.h6->m8,0.0612249334376907
m6->m12,0.0611055412626953
a18.h0->logits,0.0609982665856933
a10.h1->m10,0.0606007044667968
m5->m8,0.0603450814481201
a13.h2->a14.h11<v>,0.05798837171875
a13.h4->a14.h15<q>,0.0575406892666015
m8->m10,0.0568510590456542
m7->m10,0.0565639787382812
a8.h9->m8,0.0564914953476562
m10->a11.h11<q>,0.0564280281992187
m13->a14.h13<k>,0.0553400403773498
m4->a14.h13<k>,0.05514146
m14->m15,0.0544732959726562
m7->a14.h13<k>,0.0542317134482421
a8.h9->m9,0.05417884
m9->a14.h5<q>,0.05357499
a13.h12->a14.h11<v>,0.0527198661875
m11->a13.h12<q>,0.052703628
m11->a14.h13<q>,0.0526565287460937
a10.h0->m10,0.0526046627871093
a15.h8->a18.h4<q>,0.0523284314140625
a0.h1->m1,0.0517629232416992
input->a1.h10<v>,0.0513823979999999
a10.h8->a14.h13<q>,0.051299355
m2->a6.h10<v>,0.051167555
m8->a11.h2<v>,0.05109636
m6->m10,0.0503844817485351
a15.h10->a16.h6<q>,0.05023376
a8.h10->m8,0.0500670935844726
m6->a7.h2<k>,0.050019135
a13.h4->a14.h5<q>,0.0498832797050781
m19->m23,0.04976441590625
a6.h12->m6,0.049728450520996
m20->logits,0.0496968000422668
m4->m11,0.0495750600356445
a14.h11->a18.h4<q>,0.0494690666523437
a8.h0->m10,0.04925316
a11.h11->m13,0.0489667958828125
a12.h9->a14.h1<v>,0.048762314
a14.h13->a18.h0<q>,0.0486092296679687
m8->m12,0.0485772791031494
m2->m6,0.0485103939882812
m2->a4.h13<k>,0.048505127
m19->a20.h10<k>,0.048392113
m3->m6,0.0483176628779296
a3.h1->m8,0.047995037
a11.h7->m13,0.047501267
a12.h3->a14.h15<q>,0.047423291328125
m14->a15.h9<q>,0.047418367
a9.h6->m13,0.0473801863677063
a13.h6->a14.h11<q>,0.04734659675
m5->m11,0.0470945235922851
a4.h10->m4,0.046747155
a13.h15->m13,0.0465870718828125
m12->a14.h13<k>,0.0465754596966857
m5->m13,0.0457556596328125
m7->a8.h10<v>,0.045678105
m8->a18.h8<q>,0.0456379
a15.h8->a18.h8<q>,0.0456218214631347
a5.h3->m10,0.0455708672499999
m13->a18.h8<q>,0.045505773
a13.h4->a15.h0<v>,0.0454778446757812
a13.h2->a16.h6<k>,0.045401506
m8->a11.h11<q>,0.0452562203635864
m11->a12.h14<k>,0.045192786
a4.h9->m8,0.04515195
a13.h4->a17.h11<q>,0.045147788
a13.h14->m13,0.04509213359375
a10.h8->a12.h9<v>,0.0447059674374999
a11.h15->a13.h4<v>,0.044614117895996
m0->a1.h12<v>,0.04454958
a20.h10->m20,0.044294953
a13.h1->m15,0.04415077
a2.h10->m2,0.0439838287578124
m2->a4.h11<v>,0.04379561
a22.h10->m22,0.0437695085
m8->a9.h5<q>,0.043764304
a10.h1->a13.h4<v>,0.0436919805390625
m14->a18.h0<k>,0.0436400135
a23.h3->m23,0.043587193540039
a21.h1->m23,0.0435501075
a12.h3->a13.h2<q>,0.0434652638671875
a14.h11->m14,0.0431931654609375
a17.h4->logits,0.042983912
a10.h14->m11,0.042836665
m8->a11.h11<v>,0.042410615
a9.h12->m11,0.0423955915
a9.h7->a10.h4<q>,0.0423787699999999
a13.h4->m15,0.04230349875
m9->a13.h12<q>,0.0422501285
a13.h4->a16.h7<q>,0.0422223124843749
m11->a13.h15<q>,0.042205647
m5->a10.h8<q>,0.042157926
a12.h8->a13.h4<v>,0.0420459518124999
a3.h13->m7,0.041875437
m0->m13,0.0418053335
a14.h13->a16.h6<q>,0.041783075
m6->m13,0.0417814616289062
a13.h4->a18.h8<q>,0.0417500961490478
m7->m11,0.0417443983671875
a9.h14->m10,0.041693322578125
a7.h7->m8,0.041682683
a2.h14->m8,0.0415958971425781
m10->a11.h11<k>,0.04152909853125
a9.h5->m12,0.0414813286249999
a8.h6->m8,0.041423289946289
a12.h14->a13.h4<v>,0.0413810925
m11->a13.h1<q>,0.0413581285605468
a0.h1->a1.h2<q>,0.04132252
m5->a8.h1<q>,0.041199497
a12.h1->a14.h11<v>,0.0410052478828125
a8.h8->a10.h4<q>,0.040958587
a21.h12->logits,0.0408353209257812
m8->a9.h10<q>,0.040824693
a8.h8->a9.h1<q>,0.040814925
m17->a18.h8<k>,0.0407827887011718
a8.h8->a13.h12<v>,0.040716276
a1.h4->m2,0.040425052140625
m9->a12.h14<v>,0.04039028
a13.h2->a14.h1<v>,0.0403444366728515
a10.h8->a13.h12<v>,0.0403031565625
a16.h6->a18.h4<q>,0.0402192009999999
m9->a15.h8<q>,0.0401845970624999
a1.h3->m2,0.04011116525
m11->a12.h14<v>,0.0400569685
a3.h14->m3,0.040010599140625
m9->a10.h1<q>,0.03996752
input->m3,0.039839035
a4.h12->m5,0.0398371624999999
a12.h9->a16.h6<k>,0.03976220075
input->a1.h14<v>,0.0397610405
a7.h7->m7,0.039690490375
m16->a18.h0<q>,0.039529922125
a12.h3->a13.h15<v>,0.0395190766132812
a12.h11->m13,0.0394438821506347
a11.h11->a12.h3<q>,0.039296996
m9->a14.h13<k>,0.03928853825
m0->a1.h4<q>,0.039285006
a8.h13->m8,0.03923361496875
m16->m23,0.039206375203125
a8.h8->a10.h15<k>,0.0391370095
m3->a4.h13<q>,0.0390315777694091
a5.h4->m7,0.038772166
m13->m15,0.0387490443125
a17.h5->a18.h8<q>,0.0387462759999999
a15.h7->a18.h8<q>,0.0386991960624999
m12->a16.h7<k>,0.0386574265
a6.h0->m7,0.0384249643724365
a14.h11->a17.h11<q>,0.03840999146875
a11.h4->a14.h15<q>,0.038395386
a9.h10->m10,0.038377076
m11->a12.h14<q>,0.03827611
a3.h0->m8,0.0382443157812499
a2.h6->m4,0.038137294
m11->a13.h6<v>,0.038006872
m8->a11.h4<k>,0.037978258
a6.h1->m8,0.0378719545444335
a12.h3->a13.h12<v>,0.0377887912226562
m2->m5,0.037748398399414
a14.h15->a15.h7<q>,0.037652068
a8.h8->m9,0.0376408413261718
a8.h15->m8,0.03760753
a7.h12->m8,0.037535455
a10.h8->a11.h11<k>,0.0374461121230468
m8->a12.h9<v>,0.037337363
a20.h14->m23,0.0373124432070312
m13->a14.h5<q>,0.0372573995
m10->a11.h0<v>,0.0372010608125
a2.h14->m3,0.0371884067460937
a7.h15->m8,0.03713298
m8->m15,0.0369767735624999
a12.h3->a13.h2<v>,0.0369647793242187
a6.h0->a8.h12<q>,0.036944337
m2->a4.h13<q>,0.0369221235
m16->m17,0.03686454275
m12->a13.h1<v>,0.0367699275
a7.h6->m11,0.036743144203125
a6.h2->m9,0.03669955225
a3.h0->m4,0.0366930409375
a0.h15->a1.h5<q>,0.03665684
a8.h4->m9,0.0365617856501464
a9.h7->a14.h11<v>,0.036549353
a12.h3->a13.h1<v>,0.0364461356875
m12->m17,0.03644237175
a7.h2->a9.h7<v>,0.03643640065625
m21->logits,0.0363458486269531
m15->m23,0.0363456330625
a12.h9->a13.h4<v>,0.0363352824140625
m15->a18.h8<k>,0.036323665
a10.h12->m10,0.0363030024375
m13->m16,0.0362057965507812
a9.h15->m10,0.0361627409375
a14.h15->a16.h6<q>,0.03615910525
a18.h9->m23,0.036024281
a3.h5->m4,0.03600442
a9.h14->m9,0.03591955240625
a10.h0->m13,0.035915285
m5->a9.h7<q>,0.03585356
a17.h2->a18.h8<q>,0.03585210325
m6->m15,0.035730515
m9->a10.h9<v>,0.035694063
m1->a3.h14<v>,0.03563396525
m10->a11.h0<q>,0.0355755905
a12.h0->m13,0.0355751094335937
m2->m10,0.035561903
m16->a17.h5<q>,0.0354969485
a8.h8->a14.h13<q>,0.0353591429277343
a11.h5->m12,0.0353458809999999
a0.h7->m1,0.03532427775
a13.h2->a14.h11<q>,0.035318258
a8.h10->a10.h8<v>,0.0353011675
a12.h10->m13,0.035276925
a0.h1->m5,0.0352627026875
m11->a13.h1<k>,0.03524473325
m6->a11.h11<k>,0.03521595
a13.h0->m13,0.0352034845
a5.h5->m8,0.03520173075
a16.h6->a18.h8<q>,0.0351904226352539
m12->a13.h1<k>,0.03517068309375
m7->a9.h7<v>,0.0351017415762939
a12.h3->a14.h5<q>,0.03507345353125
a11.h15->a14.h11<v>,0.03506946571875
a2.h6->m2,0.0349878558984375
a4.h2->m4,0.0349442964003906
m11->a15.h9<v>,0.034929916
m8->a9.h13<q>,0.034917647
a1.h5->m3,0.034894284
a6.h3->m7,0.034770835734375
m14->a15.h9<v>,0.0347556845
a23.h5->logits,0.03470720475
m0->a2.h14<q>,0.034660112
m21->m23,0.034605527375
a11.h15->a12.h3<v>,0.0345772400625
m5->a7.h6<v>,0.0345757811249999
a4.h13->m4,0.0345514664464111
a0.h6->m0,0.0345194573125
m2->a3.h14<q>,0.03448662425
m2->a14.h13<k>,0.03447012
m6->a14.h13<k>,0.03437019
a8.h1->m8,0.0343117417758789
a2.h5->m3,0.0343062640488281
a12.h5->a13.h4<v>,0.0342404201875
a4.h13->m7,0.034231511625
a11.h14->m11,0.034222648
m8->a10.h9<q>,0.03416838875
a8.h5->m8,0.0341435203862304
a4.h11->m6,0.0341305815
m5->a9.h8<q>,0.034107193
m8->a9.h8<q>,0.03404739
a12.h3->a14.h15<v>,0.03404388775
m13->a15.h0<q>,0.0340274218242187
a14.h11->a16.h0<v>,0.03396730190625
a11.h3->m12,0.033952642
m7->a8.h1<v>,0.03390252
a12.h3->a18.h8<q>,0.033890637
m0->m3,0.03384262196875
a9.h2->m11,0.0338173
a15.h0->a18.h0<q>,0.033789016
m7->a9.h8<q>,0.033788697
a4.h13->m11,0.033736676
input->m4,0.033712953
m2->m7,0.033706702302246
a13.h6->a17.h15<q>,0.03368523
a10.h4->m10,0.033678809359375
a12.h9->a14.h11<v>,0.0336741315625
a1.h2->m3,0.033545706
a8.h10->a9.h7<v>,0.033502267875
a21.h3->m23,0.0334326615
a7.h2->m10,0.033398353
a9.h10->a12.h3<v>,0.033349156
m6->a8.h3<v>,0.033333617875
a10.h6->m10,0.0332996543125
a6.h2->m7,0.03329780153125
input->a1.h7<v>,0.033221718
a11.h3->a13.h4<v>,0.03319595
m3->m11,0.0331938631875
a6.h15->m7,0.03317928465625
a2.h14->m7,0.03315262784375
a9.h10->m12,0.03309419
m9->a10.h6<v>,0.0329508505
m1->a2.h14<v>,0.0329262035
m11->a14.h6<q>,0.03289188
m4->a7.h6<v>,0.03283222025
a13.h4->a15.h10<v>,0.0328118643125
a3.h1->m5,0.03280970259375
a4.h2->m9,0.032799793171875
a12.h4->m13,0.0327995310898437
m13->a15.h0<v>,0.03277558
m7->a8.h3<v>,0.032754406
a4.h8->m6,0.032644942
a10.h8->a14.h11<v>,0.0326376151289062
a7.h10->m8,0.032557401625
a5.h14->m9,0.03255354
m8->a9.h1<v>,0.0325376878125
a7.h0->m8,0.032507144
m2->a3.h5<v>,0.032461994125
m10->a11.h2<v>,0.0324530865
m5->a6.h12<k>,0.0323398374999999
m2->a7.h3<q>,0.03233879
a1.h5->m5,0.032294905
a7.h15->m7,0.0322748145
m8->a10.h6<q>,0.03227119
a5.h4->m5,0.0322658755
m2->a6.h12<k>,0.03226178
input->a1.h12<v>,0.032204155
m10->a11.h14<q>,0.0321663634999999
a11.h5->m13,0.0321169705
a8.h8->a15.h8<q>,0.03209827
a6.h2->m8,0.0320944285156249
a11.h15->a12.h3<k>,0.032071458625
m6->a8.h12<k>,0.0320625
a12.h5->a14.h11<v>,0.032041214
m11->a12.h10<k>,0.032026842
a9.h4->m9,0.031996343125
a11.h4->a13.h12<v>,0.03199356
m8->a9.h15<q>,0.0319474616249999
m12->a14.h11<v>,0.031943376
m13->a15.h9<k>,0.03193492
a4.h8->m5,0.03193442
a8.h10->a9.h15<q>,0.031915196
m5->a8.h10<v>,0.0318544665
a4.h13->m5,0.03175264
a3.h0->m6,0.0316666955
a13.h4->a18.h4<q>,0.03166571365625
a6.h15->m8,0.031646278
m12->m15,0.0316414930625
a13.h11->a14.h15<q>,0.031640030125
a13.h4->a14.h13<k>,0.031581997
m5->a8.h12<q>,0.03156732
m7->a8.h10<k>,0.03156216
m8->a10.h15<q>,0.0315528918593139
m5->a6.h14<v>,0.0314501515
m10->logits,0.031390127
a17.h15->a18.h0<q>,0.031385561
a7.h4->m9,0.03134853875
a12.h3->a13.h6<v>,0.03132929075
a7.h11->m9,0.0311966294999999
a12.h12->m13,0.031178705
a9.h11->m13,0.031145658
a4.h12->m4,0.0310027765
m16->a17.h5<k>,0.0308257
a13.h12->a14.h11<q>,0.030791364
a3.h6->m6,0.030678712
a13.h1->a16.h6<q>,0.03060311
a8.h8->a9.h15<q>,0.03054781140625
m10->a11.h5<k>,0.030521084
m11->a13.h12<v>,0.030438881
a7.h13->m8,0.03042101325
a13.h4->a14.h6<v>,0.030409303375
m0->a4.h13<q>,0.0304016555
a23.h8->logits,0.0303998890625
a9.h0->m10,0.030398765515625
m10->a11.h10<q>,0.0303769065
a7.h2->m12,0.030364465
a5.h2->m5,0.030327089
m8->a9.h5<k>,0.030315017
m5->a8.h7<q>,0.03029992809375
m14->a15.h0<v>,0.03029903225
a2.h5->m2,0.0302219416088867
a12.h9->m12,0.03018695775
a2.h13->m2,0.03017428571875
a13.h1->a14.h11<q>,0.03017313025
m12->a13.h11<q>,0.030163703
m5->m16,0.030147865125
m9->a10.h0<v>,0.0301454952499999
a15.h11->a16.h7<q>,0.030112203
a11.h5->a13.h12<v>,0.0300985748125
m0->a1.h5<v>,0.0300789829999999
m6->a7.h10<v>,0.030074209
a7.h14->m7,0.0300410002499999
a1.h15->m1,0.030039301328125
a14.h15->m17,0.0300287674999999
m13->a15.h9<q>,0.0299446949687499
a6.h14->m8,0.0299218436953125
a6.h12->a7.h6<q>,0.029893776
m3->a7.h6<k>,0.0298865229999999
m9->a13.h11<q>,0.029860167
a1.h3->a2.h10<v>,0.029843045
m15->a17.h15<q>,0.029829986
a9.h5->a12.h3<v>,0.0297812695
m7->a9.h8<k>,0.0297289165
m2->a3.h5<k>,0.0296270060625
a8.h12->m11,0.029603329
a15.h11->a18.h8<q>,0.0295859745
a4.h8->m4,0.0295801425
m11->a14.h15<v>,0.02957819975
a14.h5->a15.h8<q>,0.029537413
a6.h8->m7,0.029462939125
a9.h8->m9,0.0294424099375
a3.h9->m3,0.029429859734375
a1.h8->m1,0.0293954245
m1->a2.h9<v>,0.0293787059999999
a13.h2->a16.h6<v>,0.029323703
a11.h15->a14.h11<q>,0.0293173985
a12.h7->m13,0.029272895
a10.h8->a14.h15<q>,0.029201915
a2.h13->m3,0.029164755
m3->a4.h9<q>,0.02915492428125
a9.h15->m13,0.0291409985
a14.h11->m15,0.0290181
a13.h2->a14.h11<k>,0.028971165
a1.h15->m2,0.0289311095
a4.h9->m9,0.02892046
a8.h3->m10,0.028900925
input->a1.h0<q>,0.028842393
m1->a2.h2<v>,0.028786233
m11->m17,0.028640635
m7->a8.h9<k>,0.02848441
a20.h9->m23,0.0284502915
a12.h3->a13.h1<q>,0.0283634109999999
a1.h15->m3,0.02832836
m12->a13.h11<v>,0.028302595
a9.h1->a10.h1<v>,0.028211966
m8->a10.h1<v>,0.02821033
a14.h11->a19.h4<q>,0.028185908
m9->a12.h14<k>,0.0281807
a13.h4->a16.h0<v>,0.0281532154375
a12.h3->a15.h0<v>,0.02813706925
m6->a7.h11<v>,0.028118042
m9->a14.h15<q>,0.02810885
m7->a8.h1<k>,0.027898788
a20.h14->logits,0.0278891612209167
input->m6,0.027871826
m9->a13.h1<q>,0.027833752
a10.h8->a11.h2<v>,0.027831044
a2.h8->m2,0.02782909125
a14.h14->m14,0.0277412454999999
a3.h2->m3,0.027726675
a14.h11->m16,0.027705744
a13.h9->m13,0.027703073
m6->a7.h8<k>,0.02761173775
m12->a13.h15<v>,0.0275304099999999
a12.h3->a14.h6<v>,0.027489003
m8->a11.h7<q>,0.027436868
m0->a2.h3<k>,0.027323646
a13.h2->a16.h6<q>,0.0273171705
a3.h5->m6,0.0272707325
m13->a16.h6<q>,0.027262601625
a12.h14->a13.h4<q>,0.02725661675
m15->a16.h4<q>,0.027186174
m13->a15.h7<v>,0.027163949
a11.h8->m11,0.027124893
m17->m22,0.027114047125
a11.h7->a13.h6<q>,0.02709049
a14.h15->a18.h0<q>,0.026914416
m1->a2.h6<v>,0.02690138
a8.h8->a9.h5<v>,0.026877886
a13.h6->a16.h6<q>,0.026860511
a3.h3->m4,0.0268459735
a9.h1->m10,0.0268382100742187
m2->a3.h1<q>,0.026795385
m13->a14.h4<q>,0.0267798419999999
a11.h7->a12.h7<v>,0.02676623125
m0->a1.h8<k>,0.026701149
m7->a9.h8<v>,0.02668163
m6->a11.h7<k>,0.026677582
m11->a13.h2<v>,0.026597757
a11.h2->m13,0.026571427
m6->a13.h1<q>,0.02652146
a8.h4->m8,0.026499284625
m8->m17,0.026437856
a13.h11->a15.h8<q>,0.0264209914999999
m12->a13.h12<v>,0.026384319875
m9->a13.h1<k>,0.026377328
m8->a14.h15<q>,0.02629783
m7->a16.h6<q>,0.026276601
a14.h11->a18.h12<q>,0.026238509
a12.h8->a14.h11<v>,0.026153661
m0->a1.h1<q>,0.026110118
a23.h11->logits,0.02610346284375
a4.h2->m7,0.026087891125
a13.h4->a14.h8<q>,0.026070049
a8.h7->m8,0.0259790747499999
m11->a13.h6<q>,0.02592601
m4->m12,0.025915988734375
a2.h6->m9,0.0258689
m2->a3.h6<q>,0.025843256
m12->a13.h9<v>,0.02584243825
a8.h1->a9.h7<v>,0.0258148959999999
a9.h7->m11,0.0258012777734375
m4->m6,0.0257539205
a12.h3->a13.h2<k>,0.0257483185
m1->a2.h3<q>,0.02574057
m5->a8.h5<q>,0.025665432
a2.h1->m3,0.025627486
a14.h11->a16.h1<q>,0.025551692
a10.h0->a11.h4<v>,0.02554401
m6->a8.h10<k>,0.02552523
a6.h2->m10,0.0254689839204101
m2->a4.h12<q>,0.025316548
a3.h6->m4,0.025314724
a8.h7->m13,0.025299221125
a11.h7->m11,0.025292061125
a12.h4->a13.h1<q>,0.025277834
m8->a9.h1<q>,0.0251981724335937
a2.h14->m2,0.0251783953847656
a9.h6->a10.h2<k>,0.025120607
a2.h3->m6,0.025104603
a10.h8->a11.h11<v>,0.025054729
m9->a11.h7<k>,0.024924
m9->a10.h10<q>,0.024873748
a11.h15->a12.h3<q>,0.0248387832499999
a8.h8->a11.h11<k>,0.02476649
a14.h15->a15.h11<v>,0.024744136
m10->a14.h13<k>,0.02466636984375
a14.h15->a15.h8<q>,0.0246620100625
a1.h7->m1,0.02456976525
m10->m15,0.024554066125
a13.h6->a15.h11<v>,0.0245336965
a3.h0->m5,0.024389173
a22.h13->logits,0.024349173
a12.h9->a16.h6<v>,0.024332527
a10.h8->a11.h15<q>,0.024320683
a14.h11->a16.h7<q>,0.0243128463964843
input->a1.h9<v>,0.02430064
m4->m10,0.0242303407812499
a5.h10->m7,0.024218973
a12.h7->a13.h2<v>,0.024212606
a23.h4->logits,0.0241682863886718
m9->m11,0.0241549923947753
m3->m15,0.0240230215
a8.h3->a9.h15<q>,0.024006538
a5.h8->m6,0.02396248175
a11.h15->a13.h4<q>,0.023939854
m16->m22,0.0239031935
m9->a13.h12<v>,0.023865495
m11->a15.h7<q>,0.023817336
a2.h1->m2,0.02379099
a15.h8->a16.h7<q>,0.02377400565625
a5.h11->m8,0.023749559625
m6->m22,0.023723636
a1.h6->m1,0.023720112
a4.h15->m10,0.023610037
a0.h10->m0,0.0235695916524658
a5.h7->m5,0.02354747
m5->a6.h4<v>,0.0233643806914062
a4.h7->m6,0.02331322
a3.h13->m4,0.023298674375
a14.h5->a16.h6<q>,0.023255259
a12.h7->a13.h12<v>,0.0232354234999999
a8.h8->a10.h1<v>,0.02323292
m7->a13.h6<k>,0.0231190028125
a15.h8->a19.h4<q>,0.02305343
a0.h5->m0,0.023046346359375
a6.h5->m9,0.0229575755
a10.h3->m12,0.02293140025
m11->a12.h0<v>,0.0229106825
a9.h9->m10,0.022878733
m2->a3.h2<q>,0.02287602
a14.h2->a16.h6<q>,0.022834998
a23.h6->logits,0.0227979815
a6.h12->m9,0.0227361024414062
a9.h11->m9,0.0226285159375
m1->a2.h5<q>,0.0226232265
a10.h5->m11,0.02259763
m7->a15.h8<q>,0.022587828
m13->a14.h5<k>,0.022584654
m9->a12.h4<v>,0.022583937
a10.h15->m10,0.02258237940625
a2.h2->m3,0.022561017
a9.h7->a11.h15<q>,0.02250778
m6->a8.h10<v>,0.022478156
m9->a10.h3<v>,0.022447329
a6.h10->m9,0.0224379524375
a20.h9->m22,0.0224178955
a11.h5->a18.h8<q>,0.022408761
m11->a14.h15<q>,0.022305902875
m15->m16,0.022259079578125
a12.h3->a16.h7<q>,0.022258345
a10.h10->m11,0.022243565
m11->m18,0.022229489
a8.h8->a9.h1<k>,0.022190213
m10->a12.h11<v>,0.022150565
a9.h7->a10.h1<v>,0.022055289
m19->m22,0.0220538
a5.h3->m13,0.022022333
m3->a7.h6<v>,0.022016505
m1->m5,0.0218517110976562
a12.h1->a13.h4<v>,0.021813088
m17->logits,0.02175296
m10->a13.h6<q>,0.0217067874999999
a4.h11->m10,0.021645363
m5->a7.h15<q>,0.021545999
a12.h14->a15.h8<q>,0.021508595
a10.h1->a12.h3<v>,0.021498084
a14.h14->a15.h8<q>,0.0214563345
m5->a7.h6<k>,0.021320146
a13.h4->a16.h2<q>,0.021027168
m5->m6,0.0210261208032226
a18.h10->logits,0.020990305
a14.h15->a17.h15<q>,0.0209379725
m1->a2.h10<q>,0.020927339875
a4.h7->m4,0.020835117
m5->a7.h8<v>,0.02080808
a0.h2->m0,0.02079232625
m1->a7.h1<q>,0.02078703
m11->a12.h8<v>,0.020785872
m8->a9.h3<q>,0.020783674
a8.h1->a10.h8<v>,0.0207351294999999
a6.h5->a7.h15<q>,0.020647181
a5.h11->m6,0.0206041697499999
a3.h12->m3,0.020542774
a5.h5->m9,0.0204975125
input->a1.h0<v>,0.020428311
m10->a13.h1<q>,0.020375352
a10.h10->m10,0.020374636921875
input->a1.h1<v>,0.020345077
m1->m6,0.0202628505722656
a1.h2->m7,0.020244135
a6.h12->m13,0.02017927
a13.h4->a16.h4<q>,0.020174682
a9.h12->m9,0.020144265
a3.h0->a6.h12<k>,0.020088097
a3.h3->m3,0.020082239
a8.h0->m8,0.0200795588691406
a8.h8->m13,0.020075446
a7.h12->m9,0.020069769
m10->a11.h15<v>,0.020066481
m10->a11.h10<k>,0.019968285
m9->a10.h12<v>,0.019872012
a10.h1->m13,0.0198445192499999
m3->a7.h2<k>,0.019822884
a4.h6->m5,0.019819561
a4.h15->m8,0.019794881
m11->a13.h2<k>,0.0197784005
a13.h11->a15.h0<v>,0.019716278
a5.h6->m5,0.019669063
a12.h9->a13.h1<k>,0.019648913
a8.h11->m9,0.019648414
a3.h13->m10,0.019595873
a0.h1->m6,0.0195474185
m11->a15.h8<k>,0.019531248
m13->a14.h0<v>,0.019505452
m10->a12.h14<q>,0.019450422
m12->a14.h6<q>,0.019446272
a13.h1->m14,0.019437542
m10->a13.h2<v>,0.019430289
a11.h15->a14.h1<v>,0.019360255
a2.h3->m2,0.01935114475
a9.h6->m9,0.01933736175
a2.h5->m5,0.019278368
a11.h4->a13.h2<q>,0.0192190005
m8->a14.h13<k>,0.0192183846826171
a7.h6->m13,0.019105118
a11.h4->m11,0.019069348640625
a1.h12->m7,0.018958498
a13.h4->a15.h1<q>,0.018854205
a19.h5->logits,0.01880976
m14->a15.h10<k>,0.018763715
a6.h13->m8,0.018750526
a1.h10->m3,0.018738857
a10.h0->m11,0.01873566175
a1.h12->m2,0.01871719425
m10->a13.h6<k>,0.018671252
m9->a13.h1<v>,0.01864444
m17->a20.h14<k>,0.018643191
a10.h5->a12.h3<v>,0.018618695
m7->a13.h4<v>,0.0185864375
a5.h12->m5,0.018561687
a11.h5->a14.h13<q>,0.018482236
a1.h3->a2.h6<v>,0.018457115
a9.h8->m11,0.018455094
a7.h1->m9,0.018451546625
a13.h6->m15,0.0184163083359375
a11.h3->a12.h3<v>,0.018235592
a12.h3->a20.h14<q>,0.018235018
m10->a13.h2<k>,0.0181549045
m6->m16,0.01801961
a5.h9->m6,0.0179761798125
a10.h8->a12.h10<v>,0.01796009
m0->a3.h2<q>,0.017880894
m9->a15.h9<q>,0.017857507
m5->a6.h15<q>,0.017792368
m14->a16.h0<v>,0.017776705
a10.h8->a13.h2<q>,0.017771136
m1->a7.h8<k>,0.017713211
a8.h12->m12,0.017706333
a4.h6->m4,0.01747622
m5->a6.h0<v>,0.01747484325
a12.h14->m12,0.0173898139296875
a9.h10->a10.h8<v>,0.017318316
m0->a1.h6<v>,0.017296303
m9->a10.h4<q>,0.017271448
a9.h0->m12,0.0172234925
m11->m16,0.0171350858125
a22.h11->m23,0.017077349
a21.h3->m22,0.017012274
m2->m8,0.01696878484375
m10->a12.h14<v>,0.01686454175
a14.h11->a18.h9<q>,0.016824394
a10.h8->m11,0.0167974749296875
a7.h1->m7,0.0166196058671875
m20->m21,0.016591625
a6.h14->m6,0.01651839975
m8->a11.h5<v>,0.016437214
a8.h13->m11,0.016399503
a12.h3->a15.h1<q>,0.01638665
a10.h8->a14.h6<v>,0.016316418
m9->logits,0.016241625
a2.h4->m2,0.01610715
a0.h14->m0,0.01597046975
a14.h11->a15.h1<q>,0.015944026
a2.h8->m4,0.0158322835
a1.h2->m1,0.01578859640625
a11.h11->m12,0.0156547979062499
m10->a15.h8<q>,0.015566203
m11->a15.h11<v>,0.015555608
a11.h14->m12,0.01555554
a9.h5->a13.h11<q>,0.015328301
m12->a15.h9<v>,0.0153176505
m0->a2.h10<q>,0.015275528
a19.h4->logits,0.0152326375
m12->a15.h9<q>,0.015189048
m0->m12,0.015080664
m1->a3.h13<v>,0.015057417
a10.h6->m13,0.0146540814999999
a4.h11->m5,0.01443410725
m7->a8.h8<v>,0.0143309255
m10->m16,0.0141406527031249
m11->m15,0.0136290682656249
a13.h4->a15.h9<k>,0.0132709267499999
a6.h12->m10,0.013155713375
m9->a11.h4<v>,0.01313850225
m1->a2.h4<q>,0.013111127625
a13.h10->a14.h13<q>,0.012820026
a9.h6->a12.h13<k>,0.0127939165
a20.h1->m23,0.01250138678125
a11.h15->m12,0.0124175969999999
a9.h5->a13.h4<v>,0.01231738275
a17.h15->m23,0.0121561246249999
a12.h0->m12,0.0120390317617187
a12.h14->m13,0.0117262793281249
a11.h5->a13.h11<q>,0.0115208701249999
m9->m15,0.0113757156796874
m1->m11,0.0111423069999999
m13->a14.h11<q>,0.011031279
a0.h10->m1,0.0109179665
a0.h8->m0,0.010779883125
a6.h0->m11,0.0105908185
a8.h13->m9,0.010588839
a8.h3->m9,0.0101931452499999
a7.h11->m7,0.0099391045
a13.h11->a15.h11<v>,0.009838446375
m2->a3.h5<q>,0.009214103890625
a13.h1->a15.h8<q>,0.009029462
m9->a14.h13<q>,0.0089603219726562
m8->a10.h15<v>,0.0087777509999999
a0.h1->m3,0.0086917429999999
m19->logits,0.0085151467675781
a6.h13->m6,0.0081035575
a8.h8->a9.h5<k>,0.0077527975
a10.h15->m13,0.0075622385
a8.h14->m8,0.00732859915625
m12->a14.h11<k>,0.0071359245
a9.h5->m9,0.0070972984335937
a11.h11->a13.h6<q>,0.0069062939999999
a9.h6->a10.h5<k>,0.0067922488124999
a22.h2->logits,0.0063118064999999
a9.h1->m13,0.006242363
a9.h1->m12,0.0060756398125
a15.h9->m15,0.0058179916874999
a8.h7->m9,0.0055085036874999
m10->m14,0.0054908433676757
m14->a15.h8<q>,0.0049508111875
a13.h4->a15.h9<q>,0.0049459042421875
m12->a14.h13<q>,0.004940640671875
a18.h0->m23,0.0049333534999999
a8.h8->a9.h5<q>,0.0049282423691406
m15->a18.h0<q>,0.004858541
a9.h8->m10,0.0047947614999999
a13.h6->m14,0.0047153505
a14.h11->a15.h9<q>,0.00469910584375
m11->a13.h11<q>,0.0041664838749999
a6.h14->m7,0.004164375
a10.h8->a15.h8<q>,0.0040049894999999
m8->a13.h4<v>,0.00361505725
a13.h4->a14.h6<q>,0.0034907811875
a2.h15->m2,0.003421547125
m1->a14.h13<k>,0.00329943
a7.h1->a9.h5<q>,0.0032941507499999
a4.h11->m4,0.0031888465
a14.h1->a15.h8<q>,0.003054034
m10->a12.h7<v>,0.0030226905
a1.h1->m1,0.0026591087499999
a7.h13->m7,0.0024294089999999
m12->a15.h8<q>,0.0024172469999999
m3->m12,0.0024076566249999
a7.h4->m7,0.0023887419999999
m9->a10.h10<v>,0.0023814096875
a15.h8->a20.h14<q>,0.0022727359999999
a8.h10->m10,0.00222522440625
m5->a7.h1<q>,0.00218591075
a13.h4->a20.h14<q>,0.0020042369999999
m13->a14.h15<v>,0.001839231375
a13.h2->a15.h8<q>,0.0018353175
m15->logits,0.0017889405625
m10->a12.h10<k>,0.0017353014999999
m2->m4,0.0017284855507812
a8.h9->m10,0.001623546
a12.h3->a14.h6<q>,0.0014786379999999
a8.h10->m9,0.0014453730419921
m5->a6.h12<v>,0.0014286133749999
m9->m12,0.0011099152753906
a13.h1->m13,0.0011021893593749
m18->logits,0.0008454115
m7->a9.h10<q>,0.0006007484999999
a9.h0->m9,0.00053303725
m7->logits,0.0004094807499999
m1->m12,0.00033727225
a13.h4->a14.h10<q>,0.0001530294999999
m12->logits,3.526587500000088e-05
m17->a20.h14<q>,1.1309999999997017e-06
a7.h3->m7,-1.7921546874999014e-05
a11.h4->a13.h4<v>,-2.1164250000000467e-05
a7.h3->m9,-3.127500000000075e-05
a13.h6->a15.h9<q>,-0.0001259001015625
a13.h6->a20.h14<q>,-0.000155189
a7.h3->m10,-0.0002579244999999
a9.h5->m11,-0.000274444
a8.h0->m9,-0.0002767406249999
input->a1.h11<v>,-0.0003255775625
a5.h5->m6,-0.0003460872187499
a12.h14->a13.h11<q>,-0.0003985955
a13.h4->a15.h8<k>,-0.0004453955
a3.h14->m4,-0.0005851659999999
m15->m17,-0.0006794307851562
m10->a12.h0<v>,-0.0006838265
a15.h7->m15,-0.000785798
a2.h8->m5,-0.0007976719999999
a6.h3->m8,-0.0009447915
a2.h12->m2,-0.0009591215
m15->a16.h2<q>,-0.001114495
a16.h15->m16,-0.0012406984999999
m7->a12.h3<v>,-0.0012533589999999
a10.h8->m12,-0.00130246984375
m12->a13.h6<v>,-0.0013645494999999
m6->a7.h7<v>,-0.0014392444999999
m17->m19,-0.0014425924999999
a6.h2->m6,-0.0014485287499999
m10->a13.h4<v>,-0.0014503953749999
a1.h14->m1,-0.0014785299550781
a10.h14->m10,-0.0015233164375
m9->m17,-0.0015511385
a8.h4->m12,-0.001695754
a7.h11->m10,-0.0018095085
m5->a7.h8<k>,-0.0019636715
a1.h4->m1,-0.002106513390625
a0.h13->m0,-0.00233542825
m6->a8.h8<v>,-0.002494015
a12.h7->m12,-0.0027743080351562
a21.h7->logits,-0.0029248184999999
a11.h15->a15.h8<q>,-0.00307060275
a6.h10->m7,-0.0032483073125
a10.h8->a11.h15<v>,-0.0034236655
a10.h8->a12.h8<v>,-0.003424696
a8.h5->m11,-0.003616213
a10.h1->a15.h8<q>,-0.0039756585
m2->m12,-0.0040644922499999
a9.h2->m12,-0.0040687629999999
input->m2,-0.004185891078125
a10.h5->m10,-0.0041908174999999
m1->m13,-0.0042933034999999
m0->m7,-0.0045710837031249
a7.h2->a8.h8<v>,-0.0046010062499999
a8.h4->m10,-0.00461144
a5.h5->m7,-0.00497829
a12.h3->a15.h8<q>,-0.0052249224335937
a14.h13->a15.h8<q>,-0.00523568840625
a15.h0->a18.h8<q>,-0.0052503517109375
m0->m9,-0.005287941
a14.h11->a15.h7<q>,-0.0055878362499999
a7.h1->m10,-0.0056118815
a1.h3->m3,-0.0057988519999999
a10.h1->m11,-0.005839273515625
a19.h13->logits,-0.0063048245
a11.h4->a13.h6<q>,-0.006607003
m6->a7.h6<q>,-0.0066578509999999
a12.h10->m12,-0.0067591579999999
m13->a14.h6<q>,-0.007037996
a8.h8->m10,-0.007095375984375
a12.h3->a15.h7<q>,-0.0072308635
a11.h4->m14,-0.0072498165
m5->a9.h5<q>,-0.0073404459999999
a8.h8->a9.h10<q>,-0.0074604275
m5->a7.h12<q>,-0.0074801349999999
a9.h7->a12.h3<v>,-0.0076027402499999
m7->a15.h8<k>,-0.0079878194999999
a8.h1->m13,-0.008350621
m9->a10.h8<v>,-0.008535911
m5->a7.h8<q>,-0.0088860304375
a20.h2->logits,-0.0090283953876953
m10->a13.h4<k>,-0.0091010695
a12.h3->m14,-0.0094701859999999
a1.h12->m1,-0.0095010353974609
m14->logits,-0.009518857625
m1->a2.h8<v>,-0.0095852485
m1->a6.h10<v>,-0.0097678501875
a4.h15->m7,-0.0098408589999999
m5->m10,-0.0099023039824218
a11.h15->m11,-0.01028711146875
m0->a1.h5<q>,-0.01043212925
a11.h10->m11,-0.0105400340390625
m20->m23,-0.0106099122499999
m2->a3.h13<v>,-0.0106800599999999
a7.h11->m8,-0.010874278875
a12.h4->m12,-0.0111687749999999
m2->m9,-0.0114761723867187
a13.h4->a15.h7<q>,-0.01177447375
a11.h15->m13,-0.011839064125
a0.h1->m4,-0.012408906
a12.h3->a13.h11<q>,-0.0124218839541015
a9.h10->m9,-0.012613512375
m3->m7,-0.01269694421875
a8.h10->a9.h15<v>,-0.0128558100625
a11.h5->m11,-0.0131133052499999
m10->a11.h4<v>,-0.01324642
a12.h11->m12,-0.013552975125
a13.h1->a14.h15<q>,-0.013845033
a0.h4->m0,-0.013903400375
a8.h2->m8,-0.0140044806054687
a9.h7->m12,-0.0140279029999999
a10.h8->a11.h4<q>,-0.0141231092499999
a8.h13->m10,-0.0141954835
a13.h4->a15.h8<q>,-0.0142292641630859
m6->a9.h7<v>,-0.014454121
a14.h11->a20.h14<q>,-0.01449502075
m11->m14,-0.0145970995625
m10->a13.h1<k>,-0.01470266925
a4.h2->m5,-0.0150902565
m13->a15.h1<q>,-0.015157981
m9->m16,-0.015217181
a15.h0->a17.h5<q>,-0.015393769
a10.h8->a14.h15<v>,-0.015410250125
a9.h5->a10.h8<v>,-0.015441461
a6.h4->a7.h8<v>,-0.0155190695
m6->m9,-0.0155643637329101
a12.h8->m13,-0.01567422596875
a14.h14->m23,-0.015765212
m10->a13.h11<k>,-0.016025744
a7.h8->a9.h15<v>,-0.016039204
m12->m16,-0.0161151928124999
a10.h8->a14.h1<v>,-0.016207024
a6.h4->m8,-0.016296005
m12->a13.h4<v>,-0.0164668
m12->a15.h7<q>,-0.016660618
m0->a2.h3<v>,-0.016863622
m13->a16.h12<q>,-0.016961135
m7->a15.h9<q>,-0.016963303
m9->a13.h6<q>,-0.017113822375
a1.h12->m6,-0.017116062
a13.h6->a15.h8<q>,-0.0171990344277343
m4->m7,-0.0173106742937011
a9.h5->a14.h11<v>,-0.017432285125
a22.h12->m23,-0.017575769
a12.h10->m14,-0.017809905
a6.h5->m8,-0.01784429
m7->a9.h3<k>,-0.01791039
m4->m14,-0.017970307
a14.h12->m14,-0.017992226
m14->a17.h15<v>,-0.0180416995
a14.h15->m14,-0.018081727171875
a5.h4->m6,-0.0180836325
m9->a13.h2<v>,-0.018153302
a8.h0->m11,-0.018155877
a18.h4->m23,-0.018193477
a11.h1->m12,-0.018216733
m10->a12.h3<v>,-0.01828295675
a13.h4->a15.h11<k>,-0.018390729
a4.h9->m6,-0.0184453861875
m4->a6.h10<v>,-0.018518383
m10->a11.h7<v>,-0.018521078
m5->a8.h8<q>,-0.018556682
m9->a12.h7<v>,-0.018587563
a10.h1->a12.h8<v>,-0.018619219
a20.h12->logits,-0.018666841
m12->a14.h15<q>,-0.018738447
m7->a8.h13<k>,-0.018739566
m11->a15.h3<q>,-0.01877418
a13.h13->m13,-0.018774448
a6.h11->m6,-0.018877499
a7.h14->m10,-0.018937606
a8.h2->m9,-0.018939815
m16->a21.h12<k>,-0.018985555
a6.h0->m15,-0.019014413
a13.h15->m16,-0.019018209
a13.h6->a15.h7<q>,-0.01902141
m13->m19,-0.019028109
m3->a5.h10<v>,-0.019030696
a13.h2->m15,-0.019135269
m8->a13.h1<q>,-0.019162547
m7->a8.h4<v>,-0.019182944
m14->a15.h2<q>,-0.01925836
a13.h6->m16,-0.019307984
a11.h0->m13,-0.019352967875
a12.h10->m15,-0.01939579
a6.h2->a7.h12<k>,-0.019399673
a14.h2->m14,-0.0194123059999999
a3.h6->m3,-0.019413204
m12->a13.h4<k>,-0.019455148
a11.h0->m11,-0.01951936
a7.h2->a9.h1<k>,-0.019537795
a13.h4->a14.h12<v>,-0.019547218
a13.h4->a15.h11<v>,-0.019559406
m7->a11.h7<q>,-0.019576108
a0.h1->a1.h5<v>,-0.01960079
m10->a12.h7<k>,-0.019655723
m9->a10.h9<k>,-0.019754179
a10.h1->a12.h14<v>,-0.019781958
a7.h9->m7,-0.019795014
m1->m2,-0.0198481120749511
m11->a12.h4<q>,-0.019887649
m16->a18.h4<k>,-0.019975804
a13.h6->a14.h13<q>,-0.020007834
a5.h3->m11,-0.020041542
a0.h3->m0,-0.0200671745
a14.h14->m15,-0.020072348
a8.h14->m9,-0.0201365006249999
m16->m18,-0.020144563
m13->m23,-0.020164642
a9.h8->m12,-0.02020473
a9.h7->a11.h4<q>,-0.020238418
a20.h14->a23.h3<v>,-0.0202543
m2->a3.h1<v>,-0.02027168
a11.h13->m11,-0.020441879
m8->a12.h3<k>,-0.020466404
m8->m11,-0.020490075918518
a14.h11->a15.h11<q>,-0.020510258
m1->a10.h4<k>,-0.020576477
a7.h8->m7,-0.0205841653632812
m3->a4.h11<k>,-0.02059756
m11->a14.h1<v>,-0.02064316
a15.h7->logits,-0.020678904
a1.h4->m4,-0.020696862
m12->a15.h8<k>,-0.020726737
m8->a15.h8<q>,-0.02073195725
a22.h11->logits,-0.020753339
a2.h2->m2,-0.020818578
a11.h15->a12.h8<v>,-0.020911919
a5.h11->m5,-0.020933376625
a18.h10->m22,-0.020942418
a18.h13->logits,-0.02095302
m10->a13.h11<q>,-0.021041175
m12->a15.h3<q>,-0.021043494
m0->m2,-0.0210607735180664
m6->a10.h15<q>,-0.021067885
a13.h4->a15.h11<q>,-0.021103453
m2->a3.h9<q>,-0.021133296
m3->m13,-0.021161718
m10->a12.h10<v>,-0.021191347
a12.h14->a13.h6<q>,-0.021201815
a15.h0->a17.h15<q>,-0.021253299
a8.h13->m12,-0.021260148
a12.h3->a17.h15<q>,-0.02129139525
a13.h4->a17.h5<q>,-0.02144765325
m11->a13.h15<v>,-0.021530367
a6.h0->m9,-0.0215719027246093
a9.h7->a15.h8<q>,-0.021663483
m7->a8.h8<q>,-0.021742616
m5->a6.h15<v>,-0.021776173
m2->a7.h2<k>,-0.021827867
input->a1.h5<v>,-0.0218665339765624
a8.h8->a9.h12<q>,-0.021905288
a10.h0->a11.h5<v>,-0.021938324
m10->a15.h9<q>,-0.021961804
m10->a13.h4<q>,-0.02207656625
a4.h11->m7,-0.02210042
a13.h11->m14,-0.02211662
a4.h9->m7,-0.0222276177499999
m9->a10.h15<v>,-0.0222681245
m10->a14.h15<k>,-0.022420175
a10.h8->a13.h4<q>,-0.022424122
a4.h2->m6,-0.0224965349999999
m6->a8.h14<v>,-0.022567105
a14.h14->m16,-0.022631288
m6->a8.h5<k>,-0.022682019
m14->m23,-0.0227131962499999
a10.h7->m12,-0.022728836
m15->a16.h7<q>,-0.022733044
a6.h3->m6,-0.0228109899374999
a10.h8->a12.h3<k>,-0.0228418869999999
m9->a12.h3<v>,-0.0228981059375
a12.h7->a16.h6<k>,-0.0229224
a12.h4->a14.h13<q>,-0.022928849
a10.h8->a11.h5<v>,-0.022957925
a9.h10->m13,-0.022979826
a9.h7->a14.h13<k>,-0.023035213
a3.h13->m6,-0.0230392622109374
m2->a6.h12<v>,-0.023134712
a11.h15->a14.h15<v>,-0.023144333
m8->m16,-0.023212210859375
m17->m23,-0.023289751
a16.h7->m16,-0.023381222
a13.h11->a14.h11<q>,-0.0234177155
a23.h8->m23,-0.023452042
m6->a23.h15<k>,-0.023464276
a4.h13->m6,-0.0234673035
a14.h5->a18.h8<q>,-0.023481641
a8.h8->a12.h3<q>,-0.023507422
a15.h9->a20.h14<q>,-0.023524454
a12.h15->m12,-0.0235255274999999
a11.h15->a13.h12<v>,-0.0235362675
a12.h8->m14,-0.023716133
m14->a15.h6<k>,-0.023736209
m5->a9.h1<q>,-0.023738265
a2.h14->m5,-0.0238202455351562
m8->a10.h8<k>,-0.02382227575
a14.h15->a16.h1<q>,-0.023852646
m8->a12.h14<v>,-0.023883965
m8->a12.h4<q>,-0.023985721
m2->a3.h0<v>,-0.0240366635
a11.h11->a13.h1<q>,-0.024045985
a17.h5->m23,-0.02408022
a23.h6->m23,-0.0241039345
m11->a12.h7<v>,-0.024114598
a13.h4->a15.h8<v>,-0.024126609
a16.h1->logits,-0.0241407179375
m6->m11,-0.0242063900664062
m8->a10.h8<q>,-0.024275733
m8->a9.h12<q>,-0.024338812
m13->logits,-0.0243939624999999
a7.h1->a8.h8<v>,-0.0244935155
m0->a1.h11<q>,-0.024499914
m4->a5.h3<v>,-0.024514931
a11.h0->m12,-0.02456340775
a6.h3->m10,-0.024567215
m0->m6,-0.0246517196875
a12.h3->a16.h6<q>,-0.024726057
a2.h3->m3,-0.024762957
m2->a7.h6<v>,-0.024781084
m12->a13.h4<q>,-0.02478589
a4.h11->m11,-0.024835885
m9->a10.h7<q>,-0.024901135
a6.h5->m10,-0.024918165
m8->a9.h15<v>,-0.0249908136875
a16.h5->m16,-0.0251257719999999
a19.h5->m23,-0.02519199925
a7.h14->m11,-0.0252339075
a11.h15->a12.h9<v>,-0.025324596
m8->a11.h4<v>,-0.02533289459375
m6->a13.h6<k>,-0.025343407
a15.h8->a17.h15<q>,-0.02550713725
a5.h5->m5,-0.025592361625
a14.h6->a15.h0<v>,-0.025639605
a22.h6->m22,-0.025744092
m2->a4.h11<k>,-0.025777247
m11->a13.h4<k>,-0.0259413645
a9.h11->m11,-0.025954377
a11.h4->a12.h3<v>,-0.0260044105
a12.h7->a14.h11<v>,-0.0261049075
m8->a12.h3<v>,-0.026164575
a7.h14->m8,-0.02617030775
a13.h6->m17,-0.02618741
m2->m13,-0.0261965330292968
a16.h0->a18.h8<k>,-0.026267912
a15.h8->a17.h5<q>,-0.02628880475
m8->a10.h12<v>,-0.0263233712499999
m0->a1.h10<q>,-0.02632524
a13.h4->a16.h6<v>,-0.0263496535
a13.h11->m15,-0.026383496
a4.h15->m4,-0.0264950965625
a12.h1->m13,-0.02650508
a12.h3->a13.h12<q>,-0.026512882
a12.h14->m15,-0.0265855825
a11.h5->a15.h8<q>,-0.0266295505
m6->a7.h2<q>,-0.0266393685
a4.h9->m4,-0.02664007303125
m1->a3.h9<q>,-0.026667684
a1.h10->m1,-0.0266958937499999
input->a1.h6<v>,-0.026703665
a11.h5->a12.h3<q>,-0.02672043
m1->a4.h11<v>,-0.026815556
m13->a15.h8<q>,-0.0268207692499999
m0->a1.h3<v>,-0.026839125
m6->a14.h11<q>,-0.026843544
a0.h11->m0,-0.0268633733857421
a22.h6->logits,-0.026903715
a10.h8->a12.h3<q>,-0.0269215615625
m8->a9.h7<q>,-0.026949354
a13.h2->m14,-0.0269548265
m4->m5,-0.026962813548645
m7->a10.h4<k>,-0.02699559
a15.h11->a16.h6<q>,-0.02701594
m10->a12.h3<k>,-0.027046194
a12.h8->a13.h2<v>,-0.02706252
a14.h15->a16.h7<q>,-0.027077056
a6.h0->m10,-0.02708799575
m7->a10.h5<k>,-0.027239002
a14.h13->m15,-0.02725740525
m0->a3.h4<q>,-0.027258657
a20.h2->m23,-0.027270319
m7->a8.h0<v>,-0.027281208
a2.h3->m5,-0.0272817159999999
a11.h4->a14.h11<q>,-0.0273369365
a18.h5->logits,-0.027350355
a5.h10->m6,-0.027406048
m6->a7.h8<v>,-0.027448408
m8->a9.h8<v>,-0.0274562255
a0.h10->m2,-0.027543796
a7.h8->m9,-0.027548838
m11->a14.h13<k>,-0.0275627282499999
a15.h8->a16.h6<q>,-0.0275806006015624
a10.h1->m14,-0.027626261
a8.h8->m12,-0.0276410185
a11.h2->a12.h0<v>,-0.027657842
a8.h1->m12,-0.027697027
a14.h6->m14,-0.027733173
a8.h8->a10.h8<v>,-0.0277377595234375
m0->m10,-0.0278069670625
a13.h4->a16.h6<k>,-0.027891815
a15.h9->a18.h8<q>,-0.027897635875
m11->a14.h11<q>,-0.02806316
a9.h11->m10,-0.028075694125
a10.h1->m12,-0.02809021875
a11.h0->a14.h15<q>,-0.02809706
a0.h12->m0,-0.0281306115078125
m11->a12.h10<v>,-0.0281994495
m9->m10,-0.0282252745341796
a3.h13->m8,-0.028267078
m9->a11.h10<q>,-0.0283541255
m9->a10.h9<q>,-0.0283649532499999
a10.h8->a14.h11<q>,-0.0283788495
m7->a8.h11<k>,-0.028409094
a22.h11->m22,-0.028410674375
m3->a14.h13<k>,-0.0284528574999999
a11.h4->m13,-0.0284903041796875
a7.h3->a9.h7<v>,-0.0285237895
m17->a18.h8<q>,-0.0285740803124999
a9.h7->a13.h6<q>,-0.0286294
a6.h3->m11,-0.028724706
m7->a9.h15<v>,-0.02873289825
m11->a12.h3<q>,-0.028758430421875
m1->m10,-0.028805591083496
a1.h13->m1,-0.028806134703125
m11->logits,-0.0288430054999999
a12.h3->a15.h9<q>,-0.0288782127187499
a7.h6->m7,-0.028954172328125
a8.h10->m13,-0.0289872975
a14.h11->a15.h11<v>,-0.02900777375
m11->a15.h8<q>,-0.029094651
a5.h8->m5,-0.029129811
m10->a11.h12<q>,-0.02917696490625
m8->a10.h4<k>,-0.029236998
m3->a6.h0<v>,-0.029403118
a4.h15->m5,-0.0294084418710937
a8.h5->m10,-0.029410765
a10.h8->a12.h7<v>,-0.029424097
a13.h10->m13,-0.0294357591953125
a13.h4->m13,-0.0295129306680297
m3->a6.h12<v>,-0.029522022
a11.h5->a12.h3<v>,-0.0296176191875
a6.h4->m7,-0.029644262796875
a12.h14->a13.h1<q>,-0.0296643205703125
m13->a15.h8<k>,-0.0296698235
a12.h12->m12,-0.029681355359375
a6.h13->m7,-0.029772324
a6.h5->m7,-0.029790472
a8.h12->m10,-0.029838052125
a9.h7->a12.h3<q>,-0.02985772475
a8.h8->a12.h3<k>,-0.0298620424999999
m1->a2.h3<k>,-0.0299078765
a23.h3->logits,-0.0299148028630371
a3.h1->m3,-0.0299593386874999
m8->a10.h12<k>,-0.030038437
m12->a13.h6<k>,-0.0300796002499999
a13.h4->a16.h6<q>,-0.0301481460078125
a8.h3->m13,-0.030191457
a3.h4->m3,-0.030235269
m8->a12.h3<q>,-0.03024425
a1.h2->m2,-0.0302523817576904
a14.h6->a15.h8<q>,-0.030289022
a7.h2->m13,-0.030336484
a10.h1->a11.h11<k>,-0.0303548916249999
a9.h7->a13.h4<v>,-0.0303828953124999
a4.h15->m6,-0.03042166875
a9.h3->m9,-0.030435923
m7->m14,-0.0304476350625
a11.h14->m13,-0.030462425
a2.h3->m4,-0.030495606
a13.h15->a14.h13<k>,-0.030503982015625
input->a1.h2<v>,-0.0305233923125
a13.h12->a15.h9<v>,-0.03053288475
a1.h12->m3,-0.0305395402499999
a0.h10->a1.h3<v>,-0.030563291
a15.h7->a16.h6<q>,-0.030584157
a10.h7->m11,-0.03060406
m6->m14,-0.0306120979999999
m13->a14.h11<v>,-0.0306626171874999
a5.h10->m8,-0.0306857917499999
a12.h5->m12,-0.030693351125
m8->a10.h12<q>,-0.0307087184375
m13->a14.h15<k>,-0.030710503
a7.h12->m7,-0.030727683
a12.h3->a14.h13<k>,-0.030743517
m3->a4.h15<v>,-0.030754272
a14.h1->a15.h0<v>,-0.030781284
a6.h15->m6,-0.030782623
m13->a14.h10<q>,-0.030808028
m10->a11.h7<q>,-0.0308601355
a5.h9->m5,-0.0308844782968749
a12.h3->a13.h4<k>,-0.030961355
a5.h14->m6,-0.03100875034375
a8.h3->a9.h7<v>,-0.0310228386249999
a12.h7->a14.h11<q>,-0.031055277
m5->a6.h10<v>,-0.0310616133554687
a11.h5->a14.h11<q>,-0.0310953749999999
a21.h12->m22,-0.03115474375
m14->a15.h11<v>,-0.03116875775
a13.h6->a15.h0<v>,-0.0311855010625
a8.h3->m11,-0.031207784
m8->a13.h11<q>,-0.031266302
m8->a14.h13<q>,-0.031295113
m14->a15.h9<k>,-0.0313074525
a11.h7->m12,-0.0313100465625
a12.h11->a16.h7<k>,-0.031351242
m17->a18.h0<q>,-0.03137264525
a2.h8->m3,-0.031420553
a14.h15->a18.h4<q>,-0.03146886775
m11->a13.h15<k>,-0.031504620375
a7.h1->m11,-0.0315941415
m7->a10.h15<v>,-0.03161082
m9->a11.h7<v>,-0.0316428745
input->a2.h10<q>,-0.031654943
a13.h2->a14.h15<v>,-0.031659889
a10.h12->m11,-0.0316910095
a7.h6->m10,-0.0317055359375
a11.h10->a12.h0<v>,-0.0317234655
m5->a14.h13<q>,-0.03172918946875
a8.h8->a9.h7<q>,-0.0317603421875
a8.h1->m9,-0.03177546240625
a10.h8->a12.h7<q>,-0.031936184
a8.h8->a9.h7<k>,-0.031960126
a12.h1->m12,-0.03196607
m7->a8.h11<q>,-0.031976476
a6.h10->m10,-0.031989781
a1.h4->m3,-0.0320070189375
a13.h15->a14.h13<q>,-0.03202028375
m5->a7.h3<q>,-0.0320347424765625
a11.h4->a13.h1<q>,-0.0320501985
m0->a1.h2<k>,-0.032095864
a6.h0->m12,-0.032196700125
a5.h9->m8,-0.0322724455
m14->a16.h7<q>,-0.032300442
m4->a5.h8<v>,-0.032317445
a12.h5->m13,-0.0323376674375
m6->a7.h1<v>,-0.032364223
m7->a8.h13<v>,-0.032365570171875
m5->a12.h9<q>,-0.03237521
a10.h3->m10,-0.03238142
a8.h8->a10.h8<q>,-0.0325081454082031
a9.h6->a14.h13<k>,-0.0327236414375
m9->a13.h4<v>,-0.0327839244609375
a4.h15->m13,-0.03284848
m1->a5.h3<v>,-0.03296731
m5->a7.h10<v>,-0.032994412
a1.h5->m1,-0.0330427288125
a8.h8->m11,-0.03305226634375
a10.h4->m12,-0.033110639
m5->a8.h3<q>,-0.033294007
m5->a6.h6<v>,-0.03331202
m13->a14.h15<q>,-0.0334138942109375
a14.h15->a18.h8<q>,-0.0334604866948242
m11->a14.h11<v>,-0.033478405
m1->a2.h3<v>,-0.0335202599999999
a15.h0->a16.h7<q>,-0.033548314
a0.h1->a1.h3<v>,-0.03359594
a3.h0->a6.h12<v>,-0.033614412
m15->a16.h1<q>,-0.033656955
a21.h1->logits,-0.03368319
a10.h8->a11.h5<q>,-0.0337051035
a13.h2->a15.h0<v>,-0.0337745147382812
a11.h5->a14.h11<v>,-0.033830922375
a6.h4->m9,-0.033863278
m1->a7.h15<v>,-0.03393810675
a11.h2->m12,-0.03394737
m8->a9.h7<v>,-0.034074952
m9->a11.h11<q>,-0.0340889145302734
a1.h14->m2,-0.0342321148242187
m1->a3.h4<q>,-0.03424240140625
m6->a7.h6<v>,-0.0342951419179687
a17.h15->logits,-0.034301762328125
a3.h14->m8,-0.034388941625
a4.h13->m8,-0.034406666
a14.h11->a17.h5<q>,-0.034471101625
m0->a1.h12<q>,-0.03460528275
a10.h4->m11,-0.03464627475
a13.h11->m13,-0.034655653375
a8.h10->m12,-0.03469635
a9.h5->m10,-0.0347628991796875
a13.h12->a14.h13<k>,-0.0347679750327148
m8->m14,-0.0347682976269531
a13.h1->a14.h5<q>,-0.034777491625
a8.h8->a9.h8<q>,-0.034872313375
a6.h9->m6,-0.034878895
m16->a18.h8<q>,-0.0348973780253906
a14.h13->m14,-0.0349143594375
a11.h11->a14.h13<q>,-0.03492373325
a23.h11->m23,-0.034931547375
m0->a14.h13<k>,-0.035018615
a12.h14->a14.h5<q>,-0.03511118
input->a1.h5<k>,-0.03512851
a11.h2->m11,-0.03520387725
a7.h2->a9.h15<v>,-0.0352695285
m7->a9.h15<q>,-0.0353026704111328
a12.h9->a13.h12<v>,-0.0353212294999999
a5.h3->m6,-0.0353220497265625
a2.h9->m2,-0.03541295
m6->a10.h8<k>,-0.035492107
a2.h7->m2,-0.0355065495
a6.h15->m9,-0.035520554
a8.h8->a12.h3<v>,-0.0355764642499999
m8->a11.h7<v>,-0.035632234
a8.h8->a9.h7<v>,-0.0356960107978515
a11.h4->m15,-0.035706969171875
m9->a11.h5<v>,-0.035708264
a10.h8->a12.h3<v>,-0.0358005374589843
a1.h11->m1,-0.0358022155742187
m5->a6.h14<k>,-0.035840362
a3.h13->m5,-0.0358633304765625
a7.h2->a8.h10<k>,-0.035885423
a13.h2->m13,-0.035890193109375
a7.h10->m9,-0.035896834
m0->m8,-0.035901833625
m15->m19,-0.0359807944999999
a12.h3->m12,-0.0360482830744628
a7.h3->a10.h8<q>,-0.036079675
a8.h10->m11,-0.0361286311875
m5->m15,-0.0361503610625
a13.h4->a17.h15<q>,-0.036189886
m1->a2.h4<v>,-0.03619283
input->a1.h3<v>,-0.0362034947499999
a5.h10->m5,-0.0362062917382812
a6.h10->m6,-0.0362462990390625
a13.h11->m17,-0.0362726285
a3.h5->m3,-0.03633733990625
a16.h7->m17,-0.0363488379999999
m9->a13.h15<v>,-0.03636451
m13->a14.h11<k>,-0.0363686
m7->m15,-0.0364730965453491
m16->a18.h8<k>,-0.0365294645744628
m5->a7.h6<q>,-0.036660644125
a9.h6->m11,-0.036666736
a3.h1->m6,-0.0367335000625
a6.h1->m6,-0.036805865
m5->a6.h5<v>,-0.036895677
a10.h15->m11,-0.0368974412802734
m11->a13.h4<v>,-0.0369242249589843
m17->m18,-0.036937185
a3.h13->m3,-0.03714662821875
a10.h15->m12,-0.037191066
m5->a8.h11<q>,-0.0372004924785156
m11->a13.h4<q>,-0.037216123
m7->a10.h6<v>,-0.03722361
a11.h11->m11,-0.0372741333249511
m9->m14,-0.0373037768574218
a14.h13->a18.h8<q>,-0.0373267978359375
a13.h4->a14.h2<q>,-0.03735517
a1.h2->m9,-0.0374018815
m6->a10.h8<q>,-0.03742642
a12.h0->a13.h1<k>,-0.03748377
a21.h15->logits,-0.03750479525
a23.h5->m23,-0.0375513024999999
a5.h3->m5,-0.0376547343437499
a13.h6->a18.h8<q>,-0.037668099875
a11.h8->m12,-0.037703555
a11.h5->a13.h4<v>,-0.0378260296054687
a13.h4->a14.h1<q>,-0.0378853815625
a13.h2->a18.h8<q>,-0.03795213075
a12.h3->a13.h6<q>,-0.0380316135156249
a3.h14->m7,-0.0380399399999999
a17.h2->a18.h0<q>,-0.0380407290625
a9.h2->m10,-0.0381502553124999
a10.h8->m13,-0.0382001235
m5->m12,-0.0382056226171875
a18.h4->logits,-0.0382271165732727
m7->a8.h7<v>,-0.038239397
m7->m13,-0.0384277226601562
m15->a18.h8<q>,-0.0385980543476562
a8.h8->a14.h11<q>,-0.03863148
a14.h15->m15,-0.038830231875
a10.h3->m11,-0.03884849
m15->a17.h5<k>,-0.03891003
m9->a14.h11<v>,-0.038910307
m9->a10.h15<q>,-0.0389509965
a9.h15->m12,-0.038957249
m1->m8,-0.03896615428125
a9.h7->a10.h8<v>,-0.0390155115273437
a7.h10->m7,-0.03904067971875
a1.h11->m3,-0.039049886
a2.h5->m4,-0.0390501620429687
a1.h2->m5,-0.0391508298125
m8->a10.h8<v>,-0.03926413
a8.h11->m8,-0.0393495382499999
a17.h5->a20.h9<v>,-0.039370415125
m22->a23.h15<v>,-0.0394419839794921
m3->a6.h2<v>,-0.039475895
m7->a9.h1<q>,-0.039597368
a9.h15->m11,-0.0396066883398437
a11.h11->a12.h14<q>,-0.03962011
input->a1.h2<q>,-0.039639387
a12.h7->a13.h4<v>,-0.0396810644375
a13.h6->m13,-0.0396812300415039
a9.h4->m10,-0.039697556125
a14.h11->m17,-0.039820716
a8.h8->a13.h4<v>,-0.039881447602539
a3.h0->m7,-0.039888466
a6.h3->m9,-0.03989372225
a11.h11->a14.h13<k>,-0.0399189277265625
m5->a6.h5<q>,-0.039934173
m1->a2.h5<v>,-0.0399381407832031
a12.h9->a14.h13<q>,-0.03996703
m11->a14.h10<q>,-0.03999916725
m15->a18.h4<q>,-0.040170105
a9.h7->a10.h8<q>,-0.040204092
m13->a16.h7<q>,-0.040218458
a8.h1->m10,-0.0403200766638183
m2->a3.h0<q>,-0.04049848
a4.h8->m8,-0.040560645
a7.h8->m10,-0.04059267
a6.h5->m6,-0.0406147875625
m12->a14.h15<k>,-0.040732314
m5->a6.h15<k>,-0.040793333
a17.h5->a23.h15<v>,-0.0408018935
a0.h1->m2,-0.04094439675
m12->a13.h1<q>,-0.0410180233544921
a1.h5->m2,-0.0411243644999999
m5->a7.h2<k>,-0.041231908
a9.h7->m13,-0.041284615
a7.h4->m8,-0.041353367
m3->a4.h15<q>,-0.04140512
a7.h6->a9.h15<v>,-0.0414564225
m11->a12.h10<q>,-0.04214561
a15.h8->a18.h0<q>,-0.042291201734375
m0->m5,-0.0423298840161132
a20.h9->logits,-0.0423437924746093
a2.h15->m3,-0.0423527065
a23.h15->logits,-0.0425687978700561
a13.h4->m14,-0.042603766453125
a13.h2->a14.h15<q>,-0.042608216
a23.h15->m23,-0.0426209785
a5.h3->m8,-0.0426862422186737
a11.h4->a13.h12<q>,-0.042726032
a9.h15->m9,-0.042807741140625
m4->m13,-0.04301898565625
a21.h7->m23,-0.043126162
a12.h3->a14.h11<q>,-0.0431432471289062
a12.h14->a14.h13<q>,-0.04317906125
a12.h1->a14.h15<v>,-0.0432085936875
a8.h12->m9,-0.0432134257353515
a7.h6->m12,-0.0432640470937499
a2.h14->m4,-0.043273344
a9.h13->m9,-0.043279957
a9.h6->a14.h13<q>,-0.043364704
a13.h4->a14.h11<k>,-0.0435424789999999
m8->a11.h5<k>,-0.043582425
a13.h11->a15.h9<q>,-0.0439334946328125
m5->a7.h1<v>,-0.043950688
a0.h15->m0,-0.0439912496160278
a10.h5->a13.h12<v>,-0.044072144
a12.h3->a16.h6<k>,-0.04413727
m7->a9.h1<v>,-0.044163420859375
a18.h12->logits,-0.04429602
m14->a18.h0<q>,-0.044340154
a2.h14->m9,-0.044353627
a16.h0->a18.h8<q>,-0.0443881
a9.h6->a11.h1<k>,-0.044606537
a10.h6->m11,-0.04467209
a9.h1->m9,-0.044827307305664
m6->a8.h4<v>,-0.044960946
a9.h7->m10,-0.045105255991455
a11.h4->m12,-0.0452220694375
m1->a7.h15<k>,-0.045348883
a10.h8->m10,-0.045409884625
a6.h12->m8,-0.0454457680516357
m13->a14.h14<v>,-0.04555773
a7.h1->m13,-0.04559171
a9.h2->m13,-0.045692574
a9.h2->m9,-0.0460810021875
a13.h4->a14.h1<v>,-0.0461308552773437
a9.h5->a13.h12<v>,-0.046188753
a6.h6->m6,-0.0462737624999999
a13.h12->a14.h15<v>,-0.046621394421875
a18.h9->logits,-0.0468100075151367
m16->logits,-0.0470841071845703
m3->m9,-0.04712113525
m1->a6.h4<v>,-0.04754417725
a21.h3->logits,-0.0476056183725586
a6.h4->m6,-0.047811340708496
m2->a6.h4<v>,-0.047885860671875
m14->a18.h8<k>,-0.0479788794562988
a12.h8->m12,-0.0480108335937499
a14.h11->a18.h0<q>,-0.0480506786523437
a12.h3->a13.h4<q>,-0.04805988221875
a14.h11->a15.h8<q>,-0.0481030478911132
a12.h3->a14.h1<v>,-0.0481357775
m6->m7,-0.0483938980595703
m17->a18.h0<k>,-0.04850551675
m2->m11,-0.048521180375
a2.h14->m6,-0.0488812238710937
a22.h13->m22,-0.0490028515
a14.h11->a16.h6<q>,-0.0490464258701171
m13->a16.h1<q>,-0.049050756
m17->a18.h4<q>,-0.049109116
a14.h13->a18.h4<q>,-0.04922585
m1->m9,-0.0494505778710937
a6.h10->m8,-0.0503846186054687
a11.h15->a14.h13<q>,-0.0507674424999999
m11->m13,-0.0508333321525268
m4->m8,-0.051086063286621
a16.h6->a18.h0<q>,-0.051143046
a13.h12->a14.h13<q>,-0.0514069923995971
a14.h11->a17.h15<q>,-0.0516532341875
a13.h4->a18.h0<q>,-0.0517802775625
a15.h10->a18.h8<q>,-0.0518385132499999
a12.h11->a14.h13<k>,-0.0527520022752685
m12->a13.h6<q>,-0.05277526640625
m9->a11.h11<k>,-0.05284011753125
a7.h2->m9,-0.0528797643083496
m21->m22,-0.0528987945384826
m3->m10,-0.0530628940889892
a17.h5->logits,-0.0531920906529541
a13.h1->a14.h13<q>,-0.0542693436644287
a10.h8->a13.h4<v>,-0.0544342309736328
a10.h7->m10,-0.05449261
a3.h0->m3,-0.0545473919526367
a6.h12->m7,-0.0547127644013671
m0->a1.h2<q>,-0.05496318875
m12->m13,-0.054978614399475
m5->m9,-0.0555178778233642
a1.h3->m1,-0.0567890703510742
m6->a7.h2<v>,-0.057108253
a12.h3->m13,-0.0572929979296875
a14.h15->a15.h0<v>,-0.0575302871088867
m0->m4,-0.0575752502695312
a20.h10->logits,-0.0584335195
m13->m17,-0.059013395
a7.h2->m7,-0.0595659786640625
m6->m8,-0.0597952803674316
m8->m13,-0.0602099707705078
m2->a7.h6<q>,-0.06050698
a22.h12->logits,-0.06055619959552
a13.h1->a18.h8<q>,-0.062503608
a7.h3->m8,-0.0646037822156982
a20.h1->logits,-0.0651653240266113
a6.h0->m8,-0.0665271735366058
m1->m4,-0.0686261746519775
m13->a14.h13<q>,-0.0745066020226135
a5.h3->m7,-0.0750070547786865
m1->m3,-0.0760555017456054
a7.h1->m8,-0.0763088581308593
a8.h3->m8,-0.0787273562540588
m4->m9,-0.0825692481278686
a13.h4->a14.h11<q>,-0.0827999282792968
a12.h3->a13.h4<v>,-0.0831233616459045
a12.h3->a14.h11<v>,-0.0852112079345703
a13.h4->a14.h11<v>,-0.0867060942167968
m9->m13,-0.088225771559143
a22.h10->logits,-0.090733415
m3->m4,-0.0924845935277557
input->m1,-0.0986677868975219
m0->m1,-0.0989790977888183
a8.h8->m8,-0.1047996444558105
a18.h8->logits,-0.1125576875631103
m3->m8,-0.1146318085596008
m10->m12,-0.1276400991452331
m7->m9,-0.1479568618868179
input->m0,-0.1712149763973999
m22->m23,-0.2546061907364502
